report_date,initial_margin,variation_margin,collateral_required,collateral_posted,excess_deficit
2026-01-02,-914240.93,-6726.88,-920967.81,1000000.0,79032.19
2026-01-05,-905413.56,149.26,-905264.3,1000000.0,94735.7
2026-01-06,-870163.98,5979.8,-864184.18,1000000.0,135815.82
2026-01-07,-934139.23,16360.16,-917779.07,1000000.0,82220.93
2026-01-08,-870163.98,14161.41,-856002.57,1000000.0,143997.43
2026-01-09,-990680.52,5955.49,-984725.03,1000000.0,15274.97
2026-01-12,-870163.98,6840.14,-863323.84,1000000.0,136676.16
2026-01-13,-975521.92,-13396.47,-988918.39,1000000.0,11081.61
2026-01-14,-1046980.39,-24021.71,-1071002.1,1000000.0,-71002.1
2026-01-15,-1031121.72,-32860.93,-1063982.65,1580000.0,516017.35
2026-01-16,-1031121.72,-33206.95,-1064328.67,1580000.0,515671.33
2026-01-20,-1189790.63,-37249.45,-1227040.08,1580000.0,352959.92
2026-01-21,-1347871.46,-57438.52,-1405309.98,1580000.0,174690.02
2026-01-22,-1347871.46,-83487.86,-1431359.32,1580000.0,148640.68
2026-01-23,-1347871.46,-43931.35,-1391802.81,1580000.0,188197.19
2026-01-26,-1347871.46,-31702.29,-1379573.75,1580000.0,200426.25
2026-01-27,-1456281.25,-27406.34,-1483687.59,1580000.0,96312.41
2026-01-28,-1462486.19,-18638.95,-1481125.14,1580000.0,98874.86
2026-01-29,-1456281.25,-16947.2,-1473228.45,1580000.0,106771.55
2026-01-30,-1489787.04,-17205.15,-1506992.19,1580000.0,73007.81
2026-02-02,-1600063.9,6080.57,-1593983.33,1580000.0,-13983.33
2026-02-03,-1702131.14,16486.9,-1685644.24,2100000.0,414355.76
2026-02-04,-1799151.08,45823.45,-1753327.63,2100000.0,346672.37
2026-02-05,-1600063.9,41701.58,-1558362.32,2100000.0,541637.68
2026-02-06,-1678187.28,57865.36,-1620321.92,2100000.0,479678.08
2026-02-09,-1745397.59,42422.46,-1702975.13,2100000.0,397024.87
2026-02-10,-1745397.59,39701.74,-1705695.85,2100000.0,394304.15
2026-02-11,-1757310.18,39958.7,-1717351.48,2100000.0,382648.52
2026-02-12,-2220016.51,31461.1,-2188555.41,2100000.0,-88555.41
2026-02-13,-2307813.5,24044.5,-2283769.0,2690000.0,406231.0
2026-02-17,-2445269.7,2582.44,-2442687.26,2690000.0,247312.74
2026-02-18,-2307813.5,728.81,-2307084.69,2690000.0,382915.31
2026-02-19,-2307813.5,8182.35,-2299631.15,2690000.0,390368.85
2026-02-20,-2454996.14,-10518.4,-2465514.54,2690000.0,224485.46
2026-02-23,-2369996.75,-18421.05,-2388417.8,2690000.0,301582.2
2026-02-24,-2307813.5,-11716.4,-2319529.9,2690000.0,370470.1
2026-02-25,-2307813.5,-21720.24,-2329533.74,2690000.0,360466.26
2026-02-26,-2307813.5,-19104.13,-2326917.63,2690000.0,363082.37
2026-02-27,-2307813.5,-38790.58,-2346604.08,2690000.0,343395.92
2026-03-02,-2316204.64,-66130.88,-2382335.52,2690000.0,307664.48
2026-03-03,-2529257.21,-50824.15,-2580081.36,2690000.0,109918.64
2026-03-04,-2684875.95,-49274.39,-2734150.34,2690000.0,-44150.34
2026-03-05,-2684875.95,-28518.02,-2713393.97,3240000.0,526606.03
2026-03-06,-2777464.16,-17638.4,-2795102.56,3240000.0,444897.44
2026-03-09,-2777464.16,-18653.43,-2796117.59,3240000.0,443882.41
2026-03-10,-2777464.16,10283.07,-2767181.09,3240000.0,472818.91
2026-03-11,-2811002.48,-11336.88,-2822339.36,3240000.0,417660.64
2026-03-12,-2348296.16,10287.72,-2338008.44,3240000.0,901991.56
2026-03-13,-2556232.26,35901.67,-2520330.59,2840000.0,319669.41
2026-03-16,-2360431.44,32295.33,-2328136.11,2840000.0,511863.9
2026-03-17,-2348296.16,52311.56,-2295984.6,2840000.0,544015.4
2026-03-18,-2348296.16,50846.21,-2297449.95,2840000.0,542550.05
2026-03-19,-2348296.16,59295.68,-2289000.48,2840000.0,550999.52
2026-03-20,-2348296.16,65131.62,-2283164.54,2790000.0,506835.46
2026-03-23,-2424490.59,31086.94,-2393403.65,2790000.0,396596.35
2026-03-24,-2877145.57,24940.38,-2852205.19,2790000.0,-62205.19
2026-03-25,-2472391.38,-2729.45,-2475120.83,3360000.0,884879.17
2026-03-26,-2472391.38,385.25,-2472006.13,2980000.0,507993.87
2026-03-27,-2545648.37,14550.86,-2531097.51,2980000.0,448902.49
2026-03-30,-2545648.37,-10974.28,-2556622.65,2980000.0,423377.35
2026-03-31,-2680504.42,-12432.72,-2692937.14,2980000.0,287062.86
2026-04-01,-2680504.42,-28028.99,-2708533.41,2980000.0,271466.59
2026-04-02,-2753078.79,-8976.36,-2762055.15,2980000.0,217944.85
2026-04-03,-2787653.98,-6773.07,-2794427.05,2980000.0,185572.95
2026-04-06,-2839928.98,-21186.03,-2861115.01,2980000.0,118884.99
2026-04-07,-2839928.98,-30512.39,-2870441.37,2980000.0,109558.63
2026-04-08,-2872527.0,-28111.67,-2900638.67,2980000.0,79361.33
2026-04-09,-3002451.48,-26649.89,-3029101.37,2980000.0,-49101.37
2026-04-10,-3002451.48,-30519.69,-3032971.17,3530000.0,497028.83
2026-04-13,-2957000.56,-32730.19,-2989730.75,3530000.0,540269.25
2026-04-14,-3074123.71,-27311.36,-3101435.07,3530000.0,428564.93
2026-04-15,-3074123.71,-18998.53,-3093122.24,3530000.0,436877.76
2026-04-16,-3160222.19,-23172.77,-3183394.96,3530000.0,346605.04
2026-04-17,-3160222.19,-41347.4,-3201569.59,3530000.0,328430.41
2026-04-20,-3138046.81,-34000.84,-3172047.65,3530000.0,357952.35
2026-04-21,-3078407.71,-20351.74,-3098759.45,3530000.0,431240.55
2026-04-22,-3451383.57,-17414.91,-3468798.48,3530000.0,61201.52
2026-04-23,-3023482.3,1855.98,-3021626.32,3530000.0,508373.68
2026-04-24,-3029389.69,-17994.04,-3047383.73,3530000.0,482616.27
2026-04-27,-2920979.89,-12052.81,-2933032.7,3530000.0,596967.3
2026-04-28,-3168384.92,-1421.28,-3169806.2,3440000.0,270193.8
2026-04-29,-3168384.92,14457.04,-3153927.88,3440000.0,286072.12
2026-04-30,-3227428.99,26017.57,-3201411.42,3440000.0,238588.58
2026-05-01,-3268499.71,17834.3,-3250665.41,3440000.0,189334.59
2026-05-04,-2798777.52,-46058.15,-2844835.67,3440000.0,595164.33
2026-05-05,-2798777.52,-66781.99,-2865559.51,3350000.0,484440.49
2026-05-06,-2653914.31,-73340.47,-2727254.78,3350000.0,622745.22
2026-05-07,-2653914.31,-78969.91,-2732884.22,3230000.0,497115.78
2026-05-08,-3044394.87,-95162.37,-3139557.24,3230000.0,90442.76
2026-05-11,-3044394.87,-99322.91,-3143717.78,3230000.0,86282.22
2026-05-12,-3044394.87,-107616.73,-3152011.6,3230000.0,77988.4
2026-05-13,-3044394.87,-112069.25,-3156464.12,3230000.0,73535.88
2026-05-14,-3179507.98,-107350.09,-3286858.07,3230000.0,-56858.06
2026-05-15,-3179507.98,-87361.82,-3266869.8,3790000.0,523130.21
2026-05-18,-3179507.98,-101838.97,-3281346.95,3790000.0,508653.05
2026-05-19,-3188639.07,-71840.89,-3260479.96,3790000.0,529520.04
2026-05-20,-3188639.07,-74721.83,-3263360.9,3790000.0,526639.1
2026-05-21,-3237840.16,-69105.12,-3306945.28,3790000.0,483054.72
2026-05-22,-3253727.58,-71792.35,-3325519.93,3790000.0,464480.07
2026-05-26,-3334198.04,-44045.29,-3378243.33,3790000.0,411756.67
2026-05-27,-3350243.89,-55931.08,-3406174.97,3790000.0,383825.03
2026-05-28,-3470444.11,-89702.24,-3560146.35,3790000.0,229853.65
2026-05-29,-3478987.11,-75399.15,-3554386.26,3790000.0,235613.74
2026-06-01,-3344131.07,-114563.38,-3458694.45,3790000.0,331305.55
2026-06-02,-3375256.24,-109945.11,-3485201.35,3790000.0,304798.65
2026-06-03,-3008934.78,-124865.83,-3133800.61,3790000.0,656199.39
2026-06-04,-2988405.93,-112252.18,-3100658.11,3640000.0,539341.89
2026-06-05,-3484602.48,-92344.54,-3576947.02,3640000.0,63052.98
2026-06-08,-2952958.25,-64274.07,-3017232.32,3640000.0,622767.68
2026-06-09,-2761340.42,-60416.51,-2821756.93,3520000.0,698243.07
2026-06-10,-2869984.93,-38720.46,-2908705.39,3330000.0,421294.61
2026-06-11,-2895699.25,-50982.99,-2946682.24,3330000.0,383317.76
2026-06-12,-2817151.26,-20638.71,-2837789.97,3330000.0,492210.03
2026-06-15,-2772291.3,36607.24,-2735684.06,3330000.0,594315.94
2026-06-16,-2859083.89,28330.3,-2830753.59,3240000.0,409246.41
2026-06-17,-3007264.48,20831.34,-2986433.14,3240000.0,253566.86
2026-06-18,-3505785.63,18718.15,-3487067.48,3240000.0,-247067.48
2026-06-22,-3705828.36,14933.21,-3690895.15,3990000.0,299104.85
2026-06-23,-4179473.94,66246.54,-4113227.4,3990000.0,-123227.4
2026-06-24,-4591594.57,59218.77,-4532375.8,4620000.0,87624.2
2026-06-25,-4724087.49,36322.49,-4687765.0,4620000.0,-67765.0
2026-06-26,-4776513.8,27861.69,-4748652.11,5190000.0,441347.89
2026-06-29,-4833999.96,-8786.07,-4842786.03,5190000.0,347213.97
2026-06-30,-4766938.93,36490.36,-4730448.57,5190000.0,459551.43
2026-07-01,-4703256.8,12594.38,-4690662.42,5190000.0,499337.58
2026-07-02,-4749555.18,-16590.86,-4766146.04,5190000.0,423853.96
2026-07-06,-4464278.02,62487.21,-4401790.81,5190000.0,788209.19
2026-07-07,-4548607.26,63867.92,-4484739.34,4910000.0,425260.66
2026-07-08,-4548607.26,113955.48,-4434651.78,4910000.0,475348.22
2026-07-09,-4548607.26,60825.76,-4487781.5,4910000.0,422218.5
2026-07-10,-4626645.7,74352.56,-4552293.14,4910000.0,357706.86
2026-07-13,-5141952.26,78039.17,-5063913.09,4910000.0,-153913.09
2026-07-14,-5010141.56,62446.81,-4947694.75,5570000.0,622305.25
2026-07-15,-4926337.05,65744.96,-4860592.09,5450000.0,589407.91
2026-07-16,-4779046.49,58326.3,-4720720.19,5370000.0,649279.81
2026-07-17,-4793510.5,29462.57,-4764047.93,5230000.0,465952.07
2026-07-20,-4779046.49,29215.5,-4749830.99,5230000.0,480169.01
2026-07-21,-4782387.01,5982.97,-4776404.04,5230000.0,453595.96
2026-07-22,-4488335.41,-35215.63,-4523551.04,5230000.0,706448.96
2026-07-23,-4571644.83,-34326.13,-4605970.96,5030000.0,424029.04
2026-07-24,-4571644.83,9611.57,-4562033.26,5030000.0,467966.74
2026-07-27,-4566006.83,41339.98,-4524666.85,5030000.0,505333.15
2026-07-28,-4733006.08,44871.29,-4688134.79,5030000.0,341865.21
2026-07-29,-4577901.79,77019.18,-4500882.61,5030000.0,529117.39
2026-07-30,-4589153.13,61895.17,-4527257.96,5030000.0,502742.04
2026-07-31,-4577901.79,51493.23,-4526408.56,5030000.0,503591.44
2026-08-03,-4808415.35,27755.7,-4780659.65,5030000.0,249340.35
2026-08-04,-4834501.64,26777.09,-4807724.55,5030000.0,222275.45
2026-08-05,-4786343.85,28584.64,-4757759.21,5030000.0,272240.79
2026-08-06,-4708321.44,49529.12,-4658792.32,5030000.0,371207.68
2026-08-07,-4786295.6,62002.38,-4724293.22,5030000.0,305706.78
2026-08-10,-4656371.13,25203.6,-4631167.53,5030000.0,398832.47
2026-08-11,-4656371.13,13218.99,-4643152.14,5030000.0,386847.86
2026-08-12,-4656371.13,15352.24,-4641018.89,5030000.0,388981.11
2026-08-13,-4568574.14,65993.99,-4502580.15,5030000.0,527419.85
2026-08-14,-4717751.58,105354.95,-4612396.63,5030000.0,417603.37
2026-08-17,-4717751.58,78937.54,-4638814.04,5030000.0,391185.96
2026-08-18,-4313239.31,126770.92,-4186468.39,5030000.0,843531.61
2026-08-19,-4304108.21,132927.58,-4171180.63,4690000.0,518819.37
2026-08-20,-4216090.6,144541.13,-4071549.47,4690000.0,618450.53
2026-08-21,-4216090.6,152117.15,-4063973.45,4580000.0,516026.55
2026-08-24,-4483237.47,229295.59,-4253941.88,4580000.0,326058.12
2026-08-25,-4122580.11,256853.88,-3865726.23,4580000.0,714273.77
2026-08-26,-4268635.4,255631.0,-4013004.4,4370000.0,356995.6
2026-08-27,-4481090.01,256088.65,-4225001.36,4370000.0,144998.64
2026-08-28,-4481090.01,290850.52,-4190239.49,4370000.0,179760.51
2026-08-31,-4398843.21,330424.93,-4068418.28,4370000.0,301581.72
2026-09-01,-4398843.21,296595.22,-4102247.99,4370000.0,267752.01
2026-09-02,-4589914.33,283138.54,-4306775.79,4370000.0,63224.21
2026-09-03,-4643231.64,342289.13,-4300942.51,4370000.0,69057.49
2026-09-04,-4468369.87,372202.26,-4096167.61,4370000.0,273832.39
2026-09-08,-4386654.55,390184.87,-3996469.68,4370000.0,373530.32
2026-09-09,-4456894.27,410356.7,-4046537.57,4370000.0,323462.43
2026-09-10,-4456894.27,425914.78,-4030979.49,4370000.0,339020.51
2026-09-11,-4456894.27,397558.7,-4059335.57,4370000.0,310664.43
2026-09-14,-4556444.93,387581.88,-4168863.05,4370000.0,201136.95
2026-09-15,-4556444.93,377208.56,-4179236.37,4370000.0,190763.63
2026-09-16,-4470346.44,373075.23,-4097271.21,4370000.0,272728.79
2026-09-17,-4470346.44,372296.24,-4098050.2,4370000.0,271949.8
2026-09-18,-4470346.44,325733.83,-4144612.61,4370000.0,225387.39
2026-09-21,-4536877.58,310402.03,-4226475.55,4370000.0,143524.46
2026-09-22,-4594983.97,266258.6,-4328725.37,4370000.0,41274.63
2026-09-23,-4121338.38,49336.8,-4072001.58,4370000.0,297998.42
2026-09-24,-4115431.0,50677.24,-4064753.76,4370000.0,305246.24
2026-09-25,-4115431.0,39799.13,-4075631.87,4370000.0,294368.13
2026-09-28,-3659195.04,-38846.96,-3698042.0,4370000.0,671958.0
2026-09-29,-3647300.08,-40442.97,-3687743.05,4200000.0,512256.95
2026-09-30,-3690822.33,-82139.32,-3772961.65,4200000.0,427038.35
2026-10-01,-4112897.88,-93512.33,-4206410.21,4200000.0,-6410.21
2026-10-02,-3794479.13,-74019.69,-3868498.82,4710000.0,841501.18
