calendar_date,year,quarter,month,month_name,day,day_of_week,day_name,weekday,is_weekend,is_month_start,is_month_end,week_num,year_month,year_quarter,iso_week,iso_year
2026-01-01,2026,1,1,January,1,4,Thursday,3,False,True,False,1,2026-01,2026-Q1,1,2026
2026-01-02,2026,1,1,January,2,5,Friday,4,False,False,False,1,2026-01,2026-Q1,1,2026
2026-01-03,2026,1,1,January,3,6,Saturday,5,True,False,False,1,2026-01,2026-Q1,1,2026
2026-01-04,2026,1,1,January,4,7,Sunday,6,True,False,False,1,2026-01,2026-Q1,1,2026
2026-01-05,2026,1,1,January,5,1,Monday,0,False,False,False,2,2026-01,2026-Q1,2,2026
2026-01-06,2026,1,1,January,6,2,Tuesday,1,False,False,False,2,2026-01,2026-Q1,2,2026
2026-01-07,2026,1,1,January,7,3,Wednesday,2,False,False,False,2,2026-01,2026-Q1,2,2026
2026-01-08,2026,1,1,January,8,4,Thursday,3,False,False,False,2,2026-01,2026-Q1,2,2026
2026-01-09,2026,1,1,January,9,5,Friday,4,False,False,False,2,2026-01,2026-Q1,2,2026
2026-01-10,2026,1,1,January,10,6,Saturday,5,True,False,False,2,2026-01,2026-Q1,2,2026
2026-01-11,2026,1,1,January,11,7,Sunday,6,True,False,False,2,2026-01,2026-Q1,2,2026
2026-01-12,2026,1,1,January,12,1,Monday,0,False,False,False,3,2026-01,2026-Q1,3,2026
2026-01-13,2026,1,1,January,13,2,Tuesday,1,False,False,False,3,2026-01,2026-Q1,3,2026
2026-01-14,2026,1,1,January,14,3,Wednesday,2,False,False,False,3,2026-01,2026-Q1,3,2026
2026-01-15,2026,1,1,January,15,4,Thursday,3,False,False,False,3,2026-01,2026-Q1,3,2026
2026-01-16,2026,1,1,January,16,5,Friday,4,False,False,False,3,2026-01,2026-Q1,3,2026
2026-01-17,2026,1,1,January,17,6,Saturday,5,True,False,False,3,2026-01,2026-Q1,3,2026
2026-01-18,2026,1,1,January,18,7,Sunday,6,True,False,False,3,2026-01,2026-Q1,3,2026
2026-01-19,2026,1,1,January,19,1,Monday,0,False,False,False,4,2026-01,2026-Q1,4,2026
2026-01-20,2026,1,1,January,20,2,Tuesday,1,False,False,False,4,2026-01,2026-Q1,4,2026
2026-01-21,2026,1,1,January,21,3,Wednesday,2,False,False,False,4,2026-01,2026-Q1,4,2026
2026-01-22,2026,1,1,January,22,4,Thursday,3,False,False,False,4,2026-01,2026-Q1,4,2026
2026-01-23,2026,1,1,January,23,5,Friday,4,False,False,False,4,2026-01,2026-Q1,4,2026
2026-01-24,2026,1,1,January,24,6,Saturday,5,True,False,False,4,2026-01,2026-Q1,4,2026
2026-01-25,2026,1,1,January,25,7,Sunday,6,True,False,False,4,2026-01,2026-Q1,4,2026
2026-01-26,2026,1,1,January,26,1,Monday,0,False,False,False,5,2026-01,2026-Q1,5,2026
2026-01-27,2026,1,1,January,27,2,Tuesday,1,False,False,False,5,2026-01,2026-Q1,5,2026
2026-01-28,2026,1,1,January,28,3,Wednesday,2,False,False,False,5,2026-01,2026-Q1,5,2026
2026-01-29,2026,1,1,January,29,4,Thursday,3,False,False,False,5,2026-01,2026-Q1,5,2026
2026-01-30,2026,1,1,January,30,5,Friday,4,False,False,False,5,2026-01,2026-Q1,5,2026
2026-01-31,2026,1,1,January,31,6,Saturday,5,True,False,True,5,2026-01,2026-Q1,5,2026
2026-02-01,2026,1,2,February,1,7,Sunday,6,True,True,False,5,2026-02,2026-Q1,5,2026
2026-02-02,2026,1,2,February,2,1,Monday,0,False,False,False,6,2026-02,2026-Q1,6,2026
2026-02-03,2026,1,2,February,3,2,Tuesday,1,False,False,False,6,2026-02,2026-Q1,6,2026
2026-02-04,2026,1,2,February,4,3,Wednesday,2,False,False,False,6,2026-02,2026-Q1,6,2026
2026-02-05,2026,1,2,February,5,4,Thursday,3,False,False,False,6,2026-02,2026-Q1,6,2026
2026-02-06,2026,1,2,February,6,5,Friday,4,False,False,False,6,2026-02,2026-Q1,6,2026
2026-02-07,2026,1,2,February,7,6,Saturday,5,True,False,False,6,2026-02,2026-Q1,6,2026
2026-02-08,2026,1,2,February,8,7,Sunday,6,True,False,False,6,2026-02,2026-Q1,6,2026
2026-02-09,2026,1,2,February,9,1,Monday,0,False,False,False,7,2026-02,2026-Q1,7,2026
2026-02-10,2026,1,2,February,10,2,Tuesday,1,False,False,False,7,2026-02,2026-Q1,7,2026
2026-02-11,2026,1,2,February,11,3,Wednesday,2,False,False,False,7,2026-02,2026-Q1,7,2026
2026-02-12,2026,1,2,February,12,4,Thursday,3,False,False,False,7,2026-02,2026-Q1,7,2026
2026-02-13,2026,1,2,February,13,5,Friday,4,False,False,False,7,2026-02,2026-Q1,7,2026
2026-02-14,2026,1,2,February,14,6,Saturday,5,True,False,False,7,2026-02,2026-Q1,7,2026
2026-02-15,2026,1,2,February,15,7,Sunday,6,True,False,False,7,2026-02,2026-Q1,7,2026
2026-02-16,2026,1,2,February,16,1,Monday,0,False,False,False,8,2026-02,2026-Q1,8,2026
2026-02-17,2026,1,2,February,17,2,Tuesday,1,False,False,False,8,2026-02,2026-Q1,8,2026
2026-02-18,2026,1,2,February,18,3,Wednesday,2,False,False,False,8,2026-02,2026-Q1,8,2026
2026-02-19,2026,1,2,February,19,4,Thursday,3,False,False,False,8,2026-02,2026-Q1,8,2026
2026-02-20,2026,1,2,February,20,5,Friday,4,False,False,False,8,2026-02,2026-Q1,8,2026
2026-02-21,2026,1,2,February,21,6,Saturday,5,True,False,False,8,2026-02,2026-Q1,8,2026
2026-02-22,2026,1,2,February,22,7,Sunday,6,True,False,False,8,2026-02,2026-Q1,8,2026
2026-02-23,2026,1,2,February,23,1,Monday,0,False,False,False,9,2026-02,2026-Q1,9,2026
2026-02-24,2026,1,2,February,24,2,Tuesday,1,False,False,False,9,2026-02,2026-Q1,9,2026
2026-02-25,2026,1,2,February,25,3,Wednesday,2,False,False,False,9,2026-02,2026-Q1,9,2026
2026-02-26,2026,1,2,February,26,4,Thursday,3,False,False,False,9,2026-02,2026-Q1,9,2026
2026-02-27,2026,1,2,February,27,5,Friday,4,False,False,False,9,2026-02,2026-Q1,9,2026
2026-02-28,2026,1,2,February,28,6,Saturday,5,True,False,True,9,2026-02,2026-Q1,9,2026
2026-03-01,2026,1,3,March,1,7,Sunday,6,True,True,False,9,2026-03,2026-Q1,9,2026
2026-03-02,2026,1,3,March,2,1,Monday,0,False,False,False,10,2026-03,2026-Q1,10,2026
2026-03-03,2026,1,3,March,3,2,Tuesday,1,False,False,False,10,2026-03,2026-Q1,10,2026
2026-03-04,2026,1,3,March,4,3,Wednesday,2,False,False,False,10,2026-03,2026-Q1,10,2026
2026-03-05,2026,1,3,March,5,4,Thursday,3,False,False,False,10,2026-03,2026-Q1,10,2026
2026-03-06,2026,1,3,March,6,5,Friday,4,False,False,False,10,2026-03,2026-Q1,10,2026
2026-03-07,2026,1,3,March,7,6,Saturday,5,True,False,False,10,2026-03,2026-Q1,10,2026
2026-03-08,2026,1,3,March,8,7,Sunday,6,True,False,False,10,2026-03,2026-Q1,10,2026
2026-03-09,2026,1,3,March,9,1,Monday,0,False,False,False,11,2026-03,2026-Q1,11,2026
2026-03-10,2026,1,3,March,10,2,Tuesday,1,False,False,False,11,2026-03,2026-Q1,11,2026
2026-03-11,2026,1,3,March,11,3,Wednesday,2,False,False,False,11,2026-03,2026-Q1,11,2026
2026-03-12,2026,1,3,March,12,4,Thursday,3,False,False,False,11,2026-03,2026-Q1,11,2026
2026-03-13,2026,1,3,March,13,5,Friday,4,False,False,False,11,2026-03,2026-Q1,11,2026
2026-03-14,2026,1,3,March,14,6,Saturday,5,True,False,False,11,2026-03,2026-Q1,11,2026
2026-03-15,2026,1,3,March,15,7,Sunday,6,True,False,False,11,2026-03,2026-Q1,11,2026
2026-03-16,2026,1,3,March,16,1,Monday,0,False,False,False,12,2026-03,2026-Q1,12,2026
2026-03-17,2026,1,3,March,17,2,Tuesday,1,False,False,False,12,2026-03,2026-Q1,12,2026
2026-03-18,2026,1,3,March,18,3,Wednesday,2,False,False,False,12,2026-03,2026-Q1,12,2026
2026-03-19,2026,1,3,March,19,4,Thursday,3,False,False,False,12,2026-03,2026-Q1,12,2026
2026-03-20,2026,1,3,March,20,5,Friday,4,False,False,False,12,2026-03,2026-Q1,12,2026
2026-03-21,2026,1,3,March,21,6,Saturday,5,True,False,False,12,2026-03,2026-Q1,12,2026
2026-03-22,2026,1,3,March,22,7,Sunday,6,True,False,False,12,2026-03,2026-Q1,12,2026
2026-03-23,2026,1,3,March,23,1,Monday,0,False,False,False,13,2026-03,2026-Q1,13,2026
2026-03-24,2026,1,3,March,24,2,Tuesday,1,False,False,False,13,2026-03,2026-Q1,13,2026
2026-03-25,2026,1,3,March,25,3,Wednesday,2,False,False,False,13,2026-03,2026-Q1,13,2026
2026-03-26,2026,1,3,March,26,4,Thursday,3,False,False,False,13,2026-03,2026-Q1,13,2026
2026-03-27,2026,1,3,March,27,5,Friday,4,False,False,False,13,2026-03,2026-Q1,13,2026
2026-03-28,2026,1,3,March,28,6,Saturday,5,True,False,False,13,2026-03,2026-Q1,13,2026
2026-03-29,2026,1,3,March,29,7,Sunday,6,True,False,False,13,2026-03,2026-Q1,13,2026
2026-03-30,2026,1,3,March,30,1,Monday,0,False,False,False,14,2026-03,2026-Q1,14,2026
2026-03-31,2026,1,3,March,31,2,Tuesday,1,False,False,True,14,2026-03,2026-Q1,14,2026
2026-04-01,2026,2,4,April,1,3,Wednesday,2,False,True,False,14,2026-04,2026-Q2,14,2026
2026-04-02,2026,2,4,April,2,4,Thursday,3,False,False,False,14,2026-04,2026-Q2,14,2026
2026-04-03,2026,2,4,April,3,5,Friday,4,False,False,False,14,2026-04,2026-Q2,14,2026
2026-04-04,2026,2,4,April,4,6,Saturday,5,True,False,False,14,2026-04,2026-Q2,14,2026
2026-04-05,2026,2,4,April,5,7,Sunday,6,True,False,False,14,2026-04,2026-Q2,14,2026
2026-04-06,2026,2,4,April,6,1,Monday,0,False,False,False,15,2026-04,2026-Q2,15,2026
2026-04-07,2026,2,4,April,7,2,Tuesday,1,False,False,False,15,2026-04,2026-Q2,15,2026
2026-04-08,2026,2,4,April,8,3,Wednesday,2,False,False,False,15,2026-04,2026-Q2,15,2026
2026-04-09,2026,2,4,April,9,4,Thursday,3,False,False,False,15,2026-04,2026-Q2,15,2026
2026-04-10,2026,2,4,April,10,5,Friday,4,False,False,False,15,2026-04,2026-Q2,15,2026
2026-04-11,2026,2,4,April,11,6,Saturday,5,True,False,False,15,2026-04,2026-Q2,15,2026
2026-04-12,2026,2,4,April,12,7,Sunday,6,True,False,False,15,2026-04,2026-Q2,15,2026
2026-04-13,2026,2,4,April,13,1,Monday,0,False,False,False,16,2026-04,2026-Q2,16,2026
2026-04-14,2026,2,4,April,14,2,Tuesday,1,False,False,False,16,2026-04,2026-Q2,16,2026
2026-04-15,2026,2,4,April,15,3,Wednesday,2,False,False,False,16,2026-04,2026-Q2,16,2026
2026-04-16,2026,2,4,April,16,4,Thursday,3,False,False,False,16,2026-04,2026-Q2,16,2026
2026-04-17,2026,2,4,April,17,5,Friday,4,False,False,False,16,2026-04,2026-Q2,16,2026
2026-04-18,2026,2,4,April,18,6,Saturday,5,True,False,False,16,2026-04,2026-Q2,16,2026
2026-04-19,2026,2,4,April,19,7,Sunday,6,True,False,False,16,2026-04,2026-Q2,16,2026
2026-04-20,2026,2,4,April,20,1,Monday,0,False,False,False,17,2026-04,2026-Q2,17,2026
2026-04-21,2026,2,4,April,21,2,Tuesday,1,False,False,False,17,2026-04,2026-Q2,17,2026
2026-04-22,2026,2,4,April,22,3,Wednesday,2,False,False,False,17,2026-04,2026-Q2,17,2026
2026-04-23,2026,2,4,April,23,4,Thursday,3,False,False,False,17,2026-04,2026-Q2,17,2026
2026-04-24,2026,2,4,April,24,5,Friday,4,False,False,False,17,2026-04,2026-Q2,17,2026
2026-04-25,2026,2,4,April,25,6,Saturday,5,True,False,False,17,2026-04,2026-Q2,17,2026
2026-04-26,2026,2,4,April,26,7,Sunday,6,True,False,False,17,2026-04,2026-Q2,17,2026
2026-04-27,2026,2,4,April,27,1,Monday,0,False,False,False,18,2026-04,2026-Q2,18,2026
2026-04-28,2026,2,4,April,28,2,Tuesday,1,False,False,False,18,2026-04,2026-Q2,18,2026
2026-04-29,2026,2,4,April,29,3,Wednesday,2,False,False,False,18,2026-04,2026-Q2,18,2026
2026-04-30,2026,2,4,April,30,4,Thursday,3,False,False,True,18,2026-04,2026-Q2,18,2026
2026-05-01,2026,2,5,May,1,5,Friday,4,False,True,False,18,2026-05,2026-Q2,18,2026
2026-05-02,2026,2,5,May,2,6,Saturday,5,True,False,False,18,2026-05,2026-Q2,18,2026
2026-05-03,2026,2,5,May,3,7,Sunday,6,True,False,False,18,2026-05,2026-Q2,18,2026
2026-05-04,2026,2,5,May,4,1,Monday,0,False,False,False,19,2026-05,2026-Q2,19,2026
2026-05-05,2026,2,5,May,5,2,Tuesday,1,False,False,False,19,2026-05,2026-Q2,19,2026
2026-05-06,2026,2,5,May,6,3,Wednesday,2,False,False,False,19,2026-05,2026-Q2,19,2026
2026-05-07,2026,2,5,May,7,4,Thursday,3,False,False,False,19,2026-05,2026-Q2,19,2026
2026-05-08,2026,2,5,May,8,5,Friday,4,False,False,False,19,2026-05,2026-Q2,19,2026
2026-05-09,2026,2,5,May,9,6,Saturday,5,True,False,False,19,2026-05,2026-Q2,19,2026
2026-05-10,2026,2,5,May,10,7,Sunday,6,True,False,False,19,2026-05,2026-Q2,19,2026
2026-05-11,2026,2,5,May,11,1,Monday,0,False,False,False,20,2026-05,2026-Q2,20,2026
2026-05-12,2026,2,5,May,12,2,Tuesday,1,False,False,False,20,2026-05,2026-Q2,20,2026
2026-05-13,2026,2,5,May,13,3,Wednesday,2,False,False,False,20,2026-05,2026-Q2,20,2026
2026-05-14,2026,2,5,May,14,4,Thursday,3,False,False,False,20,2026-05,2026-Q2,20,2026
2026-05-15,2026,2,5,May,15,5,Friday,4,False,False,False,20,2026-05,2026-Q2,20,2026
2026-05-16,2026,2,5,May,16,6,Saturday,5,True,False,False,20,2026-05,2026-Q2,20,2026
2026-05-17,2026,2,5,May,17,7,Sunday,6,True,False,False,20,2026-05,2026-Q2,20,2026
2026-05-18,2026,2,5,May,18,1,Monday,0,False,False,False,21,2026-05,2026-Q2,21,2026
2026-05-19,2026,2,5,May,19,2,Tuesday,1,False,False,False,21,2026-05,2026-Q2,21,2026
2026-05-20,2026,2,5,May,20,3,Wednesday,2,False,False,False,21,2026-05,2026-Q2,21,2026
2026-05-21,2026,2,5,May,21,4,Thursday,3,False,False,False,21,2026-05,2026-Q2,21,2026
2026-05-22,2026,2,5,May,22,5,Friday,4,False,False,False,21,2026-05,2026-Q2,21,2026
2026-05-23,2026,2,5,May,23,6,Saturday,5,True,False,False,21,2026-05,2026-Q2,21,2026
2026-05-24,2026,2,5,May,24,7,Sunday,6,True,False,False,21,2026-05,2026-Q2,21,2026
2026-05-25,2026,2,5,May,25,1,Monday,0,False,False,False,22,2026-05,2026-Q2,22,2026
2026-05-26,2026,2,5,May,26,2,Tuesday,1,False,False,False,22,2026-05,2026-Q2,22,2026
2026-05-27,2026,2,5,May,27,3,Wednesday,2,False,False,False,22,2026-05,2026-Q2,22,2026
2026-05-28,2026,2,5,May,28,4,Thursday,3,False,False,False,22,2026-05,2026-Q2,22,2026
2026-05-29,2026,2,5,May,29,5,Friday,4,False,False,False,22,2026-05,2026-Q2,22,2026
2026-05-30,2026,2,5,May,30,6,Saturday,5,True,False,False,22,2026-05,2026-Q2,22,2026
2026-05-31,2026,2,5,May,31,7,Sunday,6,True,False,True,22,2026-05,2026-Q2,22,2026
2026-06-01,2026,2,6,June,1,1,Monday,0,False,True,False,23,2026-06,2026-Q2,23,2026
2026-06-02,2026,2,6,June,2,2,Tuesday,1,False,False,False,23,2026-06,2026-Q2,23,2026
2026-06-03,2026,2,6,June,3,3,Wednesday,2,False,False,False,23,2026-06,2026-Q2,23,2026
2026-06-04,2026,2,6,June,4,4,Thursday,3,False,False,False,23,2026-06,2026-Q2,23,2026
2026-06-05,2026,2,6,June,5,5,Friday,4,False,False,False,23,2026-06,2026-Q2,23,2026
2026-06-06,2026,2,6,June,6,6,Saturday,5,True,False,False,23,2026-06,2026-Q2,23,2026
2026-06-07,2026,2,6,June,7,7,Sunday,6,True,False,False,23,2026-06,2026-Q2,23,2026
2026-06-08,2026,2,6,June,8,1,Monday,0,False,False,False,24,2026-06,2026-Q2,24,2026
2026-06-09,2026,2,6,June,9,2,Tuesday,1,False,False,False,24,2026-06,2026-Q2,24,2026
2026-06-10,2026,2,6,June,10,3,Wednesday,2,False,False,False,24,2026-06,2026-Q2,24,2026
2026-06-11,2026,2,6,June,11,4,Thursday,3,False,False,False,24,2026-06,2026-Q2,24,2026
2026-06-12,2026,2,6,June,12,5,Friday,4,False,False,False,24,2026-06,2026-Q2,24,2026
2026-06-13,2026,2,6,June,13,6,Saturday,5,True,False,False,24,2026-06,2026-Q2,24,2026
2026-06-14,2026,2,6,June,14,7,Sunday,6,True,False,False,24,2026-06,2026-Q2,24,2026
2026-06-15,2026,2,6,June,15,1,Monday,0,False,False,False,25,2026-06,2026-Q2,25,2026
2026-06-16,2026,2,6,June,16,2,Tuesday,1,False,False,False,25,2026-06,2026-Q2,25,2026
2026-06-17,2026,2,6,June,17,3,Wednesday,2,False,False,False,25,2026-06,2026-Q2,25,2026
2026-06-18,2026,2,6,June,18,4,Thursday,3,False,False,False,25,2026-06,2026-Q2,25,2026
2026-06-19,2026,2,6,June,19,5,Friday,4,False,False,False,25,2026-06,2026-Q2,25,2026
2026-06-20,2026,2,6,June,20,6,Saturday,5,True,False,False,25,2026-06,2026-Q2,25,2026
2026-06-21,2026,2,6,June,21,7,Sunday,6,True,False,False,25,2026-06,2026-Q2,25,2026
2026-06-22,2026,2,6,June,22,1,Monday,0,False,False,False,26,2026-06,2026-Q2,26,2026
2026-06-23,2026,2,6,June,23,2,Tuesday,1,False,False,False,26,2026-06,2026-Q2,26,2026
2026-06-24,2026,2,6,June,24,3,Wednesday,2,False,False,False,26,2026-06,2026-Q2,26,2026
2026-06-25,2026,2,6,June,25,4,Thursday,3,False,False,False,26,2026-06,2026-Q2,26,2026
2026-06-26,2026,2,6,June,26,5,Friday,4,False,False,False,26,2026-06,2026-Q2,26,2026
2026-06-27,2026,2,6,June,27,6,Saturday,5,True,False,False,26,2026-06,2026-Q2,26,2026
2026-06-28,2026,2,6,June,28,7,Sunday,6,True,False,False,26,2026-06,2026-Q2,26,2026
2026-06-29,2026,2,6,June,29,1,Monday,0,False,False,False,27,2026-06,2026-Q2,27,2026
2026-06-30,2026,2,6,June,30,2,Tuesday,1,False,False,True,27,2026-06,2026-Q2,27,2026
2026-07-01,2026,3,7,July,1,3,Wednesday,2,False,True,False,27,2026-07,2026-Q3,27,2026
2026-07-02,2026,3,7,July,2,4,Thursday,3,False,False,False,27,2026-07,2026-Q3,27,2026
2026-07-03,2026,3,7,July,3,5,Friday,4,False,False,False,27,2026-07,2026-Q3,27,2026
2026-07-04,2026,3,7,July,4,6,Saturday,5,True,False,False,27,2026-07,2026-Q3,27,2026
2026-07-05,2026,3,7,July,5,7,Sunday,6,True,False,False,27,2026-07,2026-Q3,27,2026
2026-07-06,2026,3,7,July,6,1,Monday,0,False,False,False,28,2026-07,2026-Q3,28,2026
2026-07-07,2026,3,7,July,7,2,Tuesday,1,False,False,False,28,2026-07,2026-Q3,28,2026
2026-07-08,2026,3,7,July,8,3,Wednesday,2,False,False,False,28,2026-07,2026-Q3,28,2026
2026-07-09,2026,3,7,July,9,4,Thursday,3,False,False,False,28,2026-07,2026-Q3,28,2026
2026-07-10,2026,3,7,July,10,5,Friday,4,False,False,False,28,2026-07,2026-Q3,28,2026
2026-07-11,2026,3,7,July,11,6,Saturday,5,True,False,False,28,2026-07,2026-Q3,28,2026
2026-07-12,2026,3,7,July,12,7,Sunday,6,True,False,False,28,2026-07,2026-Q3,28,2026
2026-07-13,2026,3,7,July,13,1,Monday,0,False,False,False,29,2026-07,2026-Q3,29,2026
2026-07-14,2026,3,7,July,14,2,Tuesday,1,False,False,False,29,2026-07,2026-Q3,29,2026
2026-07-15,2026,3,7,July,15,3,Wednesday,2,False,False,False,29,2026-07,2026-Q3,29,2026
2026-07-16,2026,3,7,July,16,4,Thursday,3,False,False,False,29,2026-07,2026-Q3,29,2026
2026-07-17,2026,3,7,July,17,5,Friday,4,False,False,False,29,2026-07,2026-Q3,29,2026
2026-07-18,2026,3,7,July,18,6,Saturday,5,True,False,False,29,2026-07,2026-Q3,29,2026
2026-07-19,2026,3,7,July,19,7,Sunday,6,True,False,False,29,2026-07,2026-Q3,29,2026
2026-07-20,2026,3,7,July,20,1,Monday,0,False,False,False,30,2026-07,2026-Q3,30,2026
2026-07-21,2026,3,7,July,21,2,Tuesday,1,False,False,False,30,2026-07,2026-Q3,30,2026
2026-07-22,2026,3,7,July,22,3,Wednesday,2,False,False,False,30,2026-07,2026-Q3,30,2026
2026-07-23,2026,3,7,July,23,4,Thursday,3,False,False,False,30,2026-07,2026-Q3,30,2026
2026-07-24,2026,3,7,July,24,5,Friday,4,False,False,False,30,2026-07,2026-Q3,30,2026
2026-07-25,2026,3,7,July,25,6,Saturday,5,True,False,False,30,2026-07,2026-Q3,30,2026
2026-07-26,2026,3,7,July,26,7,Sunday,6,True,False,False,30,2026-07,2026-Q3,30,2026
2026-07-27,2026,3,7,July,27,1,Monday,0,False,False,False,31,2026-07,2026-Q3,31,2026
2026-07-28,2026,3,7,July,28,2,Tuesday,1,False,False,False,31,2026-07,2026-Q3,31,2026
2026-07-29,2026,3,7,July,29,3,Wednesday,2,False,False,False,31,2026-07,2026-Q3,31,2026
2026-07-30,2026,3,7,July,30,4,Thursday,3,False,False,False,31,2026-07,2026-Q3,31,2026
2026-07-31,2026,3,7,July,31,5,Friday,4,False,False,True,31,2026-07,2026-Q3,31,2026
2026-08-01,2026,3,8,August,1,6,Saturday,5,True,True,False,31,2026-08,2026-Q3,31,2026
2026-08-02,2026,3,8,August,2,7,Sunday,6,True,False,False,31,2026-08,2026-Q3,31,2026
2026-08-03,2026,3,8,August,3,1,Monday,0,False,False,False,32,2026-08,2026-Q3,32,2026
2026-08-04,2026,3,8,August,4,2,Tuesday,1,False,False,False,32,2026-08,2026-Q3,32,2026
2026-08-05,2026,3,8,August,5,3,Wednesday,2,False,False,False,32,2026-08,2026-Q3,32,2026
2026-08-06,2026,3,8,August,6,4,Thursday,3,False,False,False,32,2026-08,2026-Q3,32,2026
2026-08-07,2026,3,8,August,7,5,Friday,4,False,False,False,32,2026-08,2026-Q3,32,2026
2026-08-08,2026,3,8,August,8,6,Saturday,5,True,False,False,32,2026-08,2026-Q3,32,2026
2026-08-09,2026,3,8,August,9,7,Sunday,6,True,False,False,32,2026-08,2026-Q3,32,2026
2026-08-10,2026,3,8,August,10,1,Monday,0,False,False,False,33,2026-08,2026-Q3,33,2026
2026-08-11,2026,3,8,August,11,2,Tuesday,1,False,False,False,33,2026-08,2026-Q3,33,2026
2026-08-12,2026,3,8,August,12,3,Wednesday,2,False,False,False,33,2026-08,2026-Q3,33,2026
2026-08-13,2026,3,8,August,13,4,Thursday,3,False,False,False,33,2026-08,2026-Q3,33,2026
2026-08-14,2026,3,8,August,14,5,Friday,4,False,False,False,33,2026-08,2026-Q3,33,2026
2026-08-15,2026,3,8,August,15,6,Saturday,5,True,False,False,33,2026-08,2026-Q3,33,2026
2026-08-16,2026,3,8,August,16,7,Sunday,6,True,False,False,33,2026-08,2026-Q3,33,2026
2026-08-17,2026,3,8,August,17,1,Monday,0,False,False,False,34,2026-08,2026-Q3,34,2026
2026-08-18,2026,3,8,August,18,2,Tuesday,1,False,False,False,34,2026-08,2026-Q3,34,2026
2026-08-19,2026,3,8,August,19,3,Wednesday,2,False,False,False,34,2026-08,2026-Q3,34,2026
2026-08-20,2026,3,8,August,20,4,Thursday,3,False,False,False,34,2026-08,2026-Q3,34,2026
2026-08-21,2026,3,8,August,21,5,Friday,4,False,False,False,34,2026-08,2026-Q3,34,2026
2026-08-22,2026,3,8,August,22,6,Saturday,5,True,False,False,34,2026-08,2026-Q3,34,2026
2026-08-23,2026,3,8,August,23,7,Sunday,6,True,False,False,34,2026-08,2026-Q3,34,2026
2026-08-24,2026,3,8,August,24,1,Monday,0,False,False,False,35,2026-08,2026-Q3,35,2026
2026-08-25,2026,3,8,August,25,2,Tuesday,1,False,False,False,35,2026-08,2026-Q3,35,2026
2026-08-26,2026,3,8,August,26,3,Wednesday,2,False,False,False,35,2026-08,2026-Q3,35,2026
2026-08-27,2026,3,8,August,27,4,Thursday,3,False,False,False,35,2026-08,2026-Q3,35,2026
2026-08-28,2026,3,8,August,28,5,Friday,4,False,False,False,35,2026-08,2026-Q3,35,2026
2026-08-29,2026,3,8,August,29,6,Saturday,5,True,False,False,35,2026-08,2026-Q3,35,2026
2026-08-30,2026,3,8,August,30,7,Sunday,6,True,False,False,35,2026-08,2026-Q3,35,2026
2026-08-31,2026,3,8,August,31,1,Monday,0,False,False,True,36,2026-08,2026-Q3,36,2026
2026-09-01,2026,3,9,September,1,2,Tuesday,1,False,True,False,36,2026-09,2026-Q3,36,2026
