as_of_date,bank_id,credit_limit_usd,counterparty_exposure_usd,limit_available_usd
2026-01-02,bank_1,23000000.0,16891745.69,6108254.31
2026-01-02,bank_2,32500000.0,2516175.48,29983824.52
2026-01-02,bank_3,23500000.0,2511208.01,20988791.99
2026-01-02,bank_4,27750000.0,12174500.629999999,15575499.37
2026-01-02,fx_pb_1,53250000.0,0.0,53250000.0
2026-01-05,bank_1,23000000.0,8443061.21,14556938.79
2026-01-05,bank_2,32500000.0,0.0,32500000.0
2026-01-05,bank_3,23500000.0,3594608.7300000004,19905391.27
2026-01-05,bank_4,27750000.0,6070601.24,21679398.76
2026-01-05,fx_pb_1,53250000.0,0.0,53250000.0
2026-01-06,bank_1,23000000.0,8443061.21,14556938.79
2026-01-06,bank_2,32500000.0,0.0,32500000.0
2026-01-06,bank_3,23500000.0,4514350.52,18985649.48
2026-01-06,bank_4,27750000.0,6070601.24,21679398.76
2026-01-06,fx_pb_1,53250000.0,0.0,53250000.0
2026-01-07,bank_1,23000000.0,8443061.21,14556938.79
2026-01-07,bank_2,32500000.0,1279504.97,31220495.03
2026-01-07,bank_3,23500000.0,4514350.52,18985649.48
2026-01-07,bank_4,27750000.0,6070601.24,21679398.76
2026-01-07,fx_pb_1,53250000.0,0.0,53250000.0
2026-01-08,bank_1,23000000.0,8443061.21,14556938.79
2026-01-08,bank_2,32500000.0,0.0,32500000.0
2026-01-08,bank_3,23500000.0,2889617.24,20610382.76
2026-01-08,bank_4,27750000.0,6070601.24,21679398.76
2026-01-08,fx_pb_1,53250000.0,0.0,53250000.0
2026-01-09,bank_1,23000000.0,8443061.21,14556938.79
2026-01-09,bank_2,32500000.0,0.0,32500000.0
2026-01-09,bank_3,23500000.0,2889617.24,20610382.76
2026-01-09,bank_4,27750000.0,6070601.24,21679398.76
2026-01-09,fx_pb_1,53250000.0,2410330.76,50839669.24
2026-01-12,bank_1,23000000.0,8443061.21,14556938.79
2026-01-12,bank_2,32500000.0,0.0,32500000.0
2026-01-12,bank_3,23500000.0,2889617.24,20610382.76
2026-01-12,bank_4,27750000.0,6070601.24,21679398.76
2026-01-12,fx_pb_1,53250000.0,0.0,53250000.0
2026-01-13,bank_1,23000000.0,8443061.21,14556938.79
2026-01-13,bank_2,32500000.0,0.0,32500000.0
2026-01-13,bank_3,23500000.0,2889617.24,20610382.76
2026-01-13,bank_4,27750000.0,8177760.04,19572239.96
2026-01-13,fx_pb_1,53250000.0,0.0,53250000.0
2026-01-14,bank_1,23000000.0,8443061.21,14556938.79
2026-01-14,bank_2,32500000.0,0.0,32500000.0
2026-01-14,bank_3,23500000.0,4318786.59,19181213.41
2026-01-14,bank_4,27750000.0,8177760.04,19572239.96
2026-01-14,fx_pb_1,53250000.0,0.0,53250000.0
2026-01-15,bank_1,23000000.0,8443061.21,14556938.79
2026-01-15,bank_2,32500000.0,0.0,32500000.0
2026-01-15,bank_3,23500000.0,2889617.24,20610382.76
2026-01-15,bank_4,27750000.0,8177760.04,19572239.96
2026-01-15,fx_pb_1,53250000.0,2228601.4699999997,51021398.53
2026-01-16,bank_1,23000000.0,8443061.21,14556938.79
2026-01-16,bank_2,32500000.0,0.0,32500000.0
2026-01-16,bank_3,23500000.0,2889617.24,20610382.76
2026-01-16,bank_4,27750000.0,8177760.04,19572239.96
2026-01-16,fx_pb_1,53250000.0,2228601.4699999997,51021398.53
2026-01-20,bank_1,23000000.0,8443061.21,14556938.79
2026-01-20,bank_2,32500000.0,600835.82,31899164.18
2026-01-20,bank_3,23500000.0,2889617.24,20610382.76
2026-01-20,bank_4,27750000.0,8177760.04,19572239.96
2026-01-20,fx_pb_1,53250000.0,3684538.3,49565461.7
2026-01-21,bank_1,23000000.0,8443061.21,14556938.79
2026-01-21,bank_2,32500000.0,600835.82,31899164.18
2026-01-21,bank_3,23500000.0,4082399.16,19417600.84
2026-01-21,bank_4,27750000.0,8177760.04,19572239.96
2026-01-21,fx_pb_1,53250000.0,5653372.92,47596627.08
2026-01-22,bank_1,23000000.0,8443061.21,14556938.79
2026-01-22,bank_2,32500000.0,600835.82,31899164.18
2026-01-22,bank_3,23500000.0,4082399.16,19417600.84
2026-01-22,bank_4,27750000.0,8177760.04,19572239.96
2026-01-22,fx_pb_1,53250000.0,5653372.92,47596627.08
2026-01-23,bank_1,23000000.0,8443061.21,14556938.79
2026-01-23,bank_2,32500000.0,600835.82,31899164.18
2026-01-23,bank_3,23500000.0,4082399.16,19417600.84
2026-01-23,bank_4,27750000.0,8177760.04,19572239.96
2026-01-23,fx_pb_1,53250000.0,5653372.92,47596627.08
2026-01-26,bank_1,23000000.0,8443061.21,14556938.79
2026-01-26,bank_2,32500000.0,600835.82,31899164.18
2026-01-26,bank_3,23500000.0,4082399.16,19417600.84
2026-01-26,bank_4,27750000.0,8177760.04,19572239.96
2026-01-26,fx_pb_1,53250000.0,5653372.92,47596627.08
2026-01-27,bank_1,23000000.0,8443061.21,14556938.79
2026-01-27,bank_2,32500000.0,600835.82,31899164.18
2026-01-27,bank_3,23500000.0,4082399.16,19417600.84
2026-01-27,bank_4,27750000.0,8177760.04,19572239.96
2026-01-27,fx_pb_1,53250000.0,7821568.859999999,45428431.14
2026-01-28,bank_1,23000000.0,8443061.21,14556938.79
2026-01-28,bank_2,32500000.0,724934.44,31775065.56
2026-01-28,bank_3,23500000.0,4082399.16,19417600.84
2026-01-28,bank_4,27750000.0,8177760.04,19572239.96
2026-01-28,fx_pb_1,53250000.0,7821568.859999999,45428431.14
2026-01-29,bank_1,23000000.0,8443061.21,14556938.79
2026-01-29,bank_2,32500000.0,600835.82,31899164.18
2026-01-29,bank_3,23500000.0,4082399.16,19417600.84
2026-01-29,bank_4,27750000.0,8177760.04,19572239.96
2026-01-29,fx_pb_1,53250000.0,7821568.859999999,45428431.14
2026-01-30,bank_1,23000000.0,8443061.21,14556938.79
2026-01-30,bank_2,32500000.0,1270951.48,31229048.52
2026-01-30,bank_3,23500000.0,4082399.16,19417600.84
2026-01-30,bank_4,27750000.0,8177760.04,19572239.96
2026-01-30,fx_pb_1,53250000.0,7821568.859999999,45428431.14
2026-02-02,bank_1,23000000.0,8443061.21,14556938.79
2026-02-02,bank_2,32500000.0,600835.82,31899164.18
2026-02-02,bank_3,23500000.0,6958052.07,16541947.93
2026-02-02,bank_4,27750000.0,8177760.04,19572239.96
2026-02-02,fx_pb_1,53250000.0,7821568.859999999,45428431.14
2026-02-03,bank_1,23000000.0,8443061.21,14556938.79
2026-02-03,bank_2,32500000.0,600835.82,31899164.18
2026-02-03,bank_3,23500000.0,8999396.870000001,14500603.13
2026-02-03,bank_4,27750000.0,8177760.04,19572239.96
2026-02-03,fx_pb_1,53250000.0,7821568.859999999,45428431.14
2026-02-04,bank_1,23000000.0,8443061.21,14556938.79
2026-02-04,bank_2,32500000.0,600835.82,31899164.18
2026-02-04,bank_3,23500000.0,6958052.07,16541947.93
2026-02-04,bank_4,27750000.0,12159503.66,15590496.34
2026-02-04,fx_pb_1,53250000.0,7821568.859999999,45428431.14
2026-02-05,bank_1,23000000.0,8443061.21,14556938.79
2026-02-05,bank_2,32500000.0,600835.82,31899164.18
2026-02-05,bank_3,23500000.0,6958052.07,16541947.93
2026-02-05,bank_4,27750000.0,8177760.04,19572239.96
2026-02-05,fx_pb_1,53250000.0,7821568.859999999,45428431.14
2026-02-06,bank_1,23000000.0,8443061.21,14556938.79
2026-02-06,bank_2,32500000.0,600835.82,31899164.18
2026-02-06,bank_3,23500000.0,6958052.07,16541947.93
2026-02-06,bank_4,27750000.0,8177760.04,19572239.96
2026-02-06,fx_pb_1,53250000.0,9384036.43,43865963.57
2026-02-09,bank_1,23000000.0,8443061.21,14556938.79
2026-02-09,bank_2,32500000.0,6413308.46,26086691.54
2026-02-09,bank_3,23500000.0,6958052.07,16541947.93
2026-02-09,bank_4,27750000.0,8177760.04,19572239.96
2026-02-09,fx_pb_1,53250000.0,7821568.859999999,45428431.14
2026-02-10,bank_1,23000000.0,8443061.21,14556938.79
2026-02-10,bank_2,32500000.0,6413308.46,26086691.54
2026-02-10,bank_3,23500000.0,6958052.07,16541947.93
2026-02-10,bank_4,27750000.0,8177760.04,19572239.96
2026-02-10,fx_pb_1,53250000.0,7821568.859999999,45428431.14
2026-02-11,bank_1,23000000.0,8443061.21,14556938.79
2026-02-11,bank_2,32500000.0,3507509.67,28992490.33
2026-02-11,bank_3,23500000.0,6958052.07,16541947.93
2026-02-11,bank_4,27750000.0,8177760.04,19572239.96
2026-02-11,fx_pb_1,53250000.0,8295749.17,44954250.83
2026-02-12,bank_1,23000000.0,8443061.21,14556938.79
2026-02-12,bank_2,32500000.0,12761636.15,19738363.85
2026-02-12,bank_3,23500000.0,6958052.07,16541947.93
2026-02-12,bank_4,27750000.0,8177760.04,19572239.96
2026-02-12,fx_pb_1,53250000.0,8295749.17,44954250.83
2026-02-13,bank_1,23000000.0,8443061.21,14556938.79
2026-02-13,bank_2,32500000.0,16264891.46,16235108.54
2026-02-13,bank_3,23500000.0,6958052.07,16541947.93
2026-02-13,bank_4,27750000.0,8177760.04,19572239.96
2026-02-13,fx_pb_1,53250000.0,8059820.67,45190179.33
2026-02-17,bank_1,23000000.0,8443061.21,14556938.79
2026-02-17,bank_2,32500000.0,17266700.080000002,15233299.92
2026-02-17,bank_3,23500000.0,6958052.07,16541947.93
2026-02-17,bank_4,27750000.0,8177760.04,19572239.96
2026-02-17,fx_pb_1,53250000.0,8059820.67,45190179.33
2026-02-18,bank_1,23000000.0,8443061.21,14556938.79
2026-02-18,bank_2,32500000.0,14517576.0,17982424.0
2026-02-18,bank_3,23500000.0,6958052.07,16541947.93
2026-02-18,bank_4,27750000.0,8177760.04,19572239.96
2026-02-18,fx_pb_1,53250000.0,8059820.67,45190179.33
2026-02-19,bank_1,23000000.0,8443061.21,14556938.79
2026-02-19,bank_2,32500000.0,14517576.0,17982424.0
2026-02-19,bank_3,23500000.0,6958052.07,16541947.93
2026-02-19,bank_4,27750000.0,8177760.04,19572239.96
2026-02-19,fx_pb_1,53250000.0,8059820.67,45190179.33
2026-02-20,bank_1,23000000.0,8443061.21,14556938.79
2026-02-20,bank_2,32500000.0,14517576.0,17982424.0
2026-02-20,bank_3,23500000.0,6958052.07,16541947.93
2026-02-20,bank_4,27750000.0,11121412.89,16628587.11
2026-02-20,fx_pb_1,53250000.0,8059820.67,45190179.33
2026-02-23,bank_1,23000000.0,8443061.21,14556938.79
2026-02-23,bank_2,32500000.0,14517576.0,17982424.0
2026-02-23,bank_3,23500000.0,6958052.07,16541947.93
2026-02-23,bank_4,27750000.0,9421425.05,18328574.95
2026-02-23,fx_pb_1,53250000.0,8059820.67,45190179.33
2026-02-24,bank_1,23000000.0,8443061.21,14556938.79
2026-02-24,bank_2,32500000.0,14517576.0,17982424.0
2026-02-24,bank_3,23500000.0,6958052.07,16541947.93
2026-02-24,bank_4,27750000.0,8177760.04,19572239.96
2026-02-24,fx_pb_1,53250000.0,8059820.67,45190179.33
2026-02-25,bank_1,23000000.0,8443061.21,14556938.79
2026-02-25,bank_2,32500000.0,14517576.0,17982424.0
2026-02-25,bank_3,23500000.0,6958052.07,16541947.93
2026-02-25,bank_4,27750000.0,8177760.04,19572239.96
2026-02-25,fx_pb_1,53250000.0,8059820.67,45190179.33
2026-02-26,bank_1,23000000.0,8443061.21,14556938.79
2026-02-26,bank_2,32500000.0,14517576.0,17982424.0
2026-02-26,bank_3,23500000.0,6958052.07,16541947.93
2026-02-26,bank_4,27750000.0,8177760.04,19572239.96
2026-02-26,fx_pb_1,53250000.0,8059820.67,45190179.33
2026-02-27,bank_1,23000000.0,8443061.21,14556938.79
2026-02-27,bank_2,32500000.0,14517576.0,17982424.0
2026-02-27,bank_3,23500000.0,6958052.07,16541947.93
2026-02-27,bank_4,27750000.0,8177760.04,19572239.96
2026-02-27,fx_pb_1,53250000.0,8059820.67,45190179.33
2026-03-02,bank_1,23000000.0,8443061.21,14556938.79
2026-03-02,bank_2,32500000.0,14783084.9,17716915.1
2026-03-02,bank_3,23500000.0,6993645.67,16506354.33
2026-03-02,bank_4,27750000.0,8177760.04,19572239.96
2026-03-02,fx_pb_1,53250000.0,8059820.67,45190179.33
2026-03-03,bank_1,23000000.0,8443061.21,14556938.79
2026-03-03,bank_2,32500000.0,14783084.9,17716915.1
2026-03-03,bank_3,23500000.0,4082399.16,19417600.84
2026-03-03,bank_4,27750000.0,8177760.04,19572239.96
2026-03-03,fx_pb_1,53250000.0,15232118.54,38017881.46
2026-03-04,bank_1,23000000.0,8443061.21,14556938.79
2026-03-04,bank_2,32500000.0,14649805.190000001,17850194.81
2026-03-04,bank_3,23500000.0,4082399.16,19417600.84
2026-03-04,bank_4,27750000.0,12316000.57,15433999.43
2026-03-04,fx_pb_1,53250000.0,16267792.11,36982207.89
2026-03-05,bank_1,23000000.0,8443061.21,14556938.79
2026-03-05,bank_2,32500000.0,14649805.190000001,17850194.81
2026-03-05,bank_3,23500000.0,4082399.16,19417600.84
2026-03-05,bank_4,27750000.0,12316000.57,15433999.43
2026-03-05,fx_pb_1,53250000.0,16267792.11,36982207.89
2026-03-06,bank_1,23000000.0,8443061.21,14556938.79
2026-03-06,bank_2,32500000.0,14649805.190000001,17850194.81
2026-03-06,bank_3,23500000.0,4082399.16,19417600.84
2026-03-06,bank_4,27750000.0,10254461.39,17495538.61
2026-03-06,fx_pb_1,53250000.0,18119556.28,35130443.72
2026-03-09,bank_1,23000000.0,8443061.21,14556938.79
2026-03-09,bank_2,32500000.0,14649805.190000001,17850194.81
2026-03-09,bank_3,23500000.0,4082399.16,19417600.84
2026-03-09,bank_4,27750000.0,10254461.39,17495538.61
2026-03-09,fx_pb_1,53250000.0,18119556.28,35130443.72
2026-03-10,bank_1,23000000.0,8443061.21,14556938.79
2026-03-10,bank_2,32500000.0,14649805.190000001,17850194.81
2026-03-10,bank_3,23500000.0,4082399.16,19417600.84
2026-03-10,bank_4,27750000.0,10254461.39,17495538.61
2026-03-10,fx_pb_1,53250000.0,18119556.28,35130443.72
2026-03-11,bank_1,23000000.0,8443061.21,14556938.79
2026-03-11,bank_2,32500000.0,14649805.190000001,17850194.81
2026-03-11,bank_3,23500000.0,4082399.16,19417600.84
2026-03-11,bank_4,27750000.0,10254461.39,17495538.61
2026-03-11,fx_pb_1,53250000.0,19465869.61,33784130.39
2026-03-12,bank_1,23000000.0,8443061.21,14556938.79
2026-03-12,bank_2,32500000.0,5395678.71,27104321.29
2026-03-12,bank_3,23500000.0,4082399.16,19417600.84
2026-03-12,bank_4,27750000.0,10254461.39,17495538.61
2026-03-12,fx_pb_1,53250000.0,19465869.61,33784130.39
2026-03-13,bank_1,23000000.0,8443061.21,14556938.79
2026-03-13,bank_2,32500000.0,9554400.77,22945599.23
2026-03-13,bank_3,23500000.0,4082399.16,19417600.84
2026-03-13,bank_4,27750000.0,10254461.39,17495538.61
2026-03-13,fx_pb_1,53250000.0,18790322.68,34459677.32
2026-03-16,bank_1,23000000.0,8443061.21,14556938.79
2026-03-16,bank_2,32500000.0,5395678.71,27104321.29
2026-03-16,bank_3,23500000.0,4082399.16,19417600.84
2026-03-16,bank_4,27750000.0,10497166.94,17252833.06
2026-03-16,fx_pb_1,53250000.0,18790322.68,34459677.32
2026-03-17,bank_1,23000000.0,8443061.21,14556938.79
2026-03-17,bank_2,32500000.0,5395678.71,27104321.29
2026-03-17,bank_3,23500000.0,4082399.16,19417600.84
2026-03-17,bank_4,27750000.0,10254461.39,17495538.61
2026-03-17,fx_pb_1,53250000.0,18790322.68,34459677.32
2026-03-18,bank_1,23000000.0,8443061.21,14556938.79
2026-03-18,bank_2,32500000.0,5395678.71,27104321.29
2026-03-18,bank_3,23500000.0,4082399.16,19417600.84
2026-03-18,bank_4,27750000.0,10254461.39,17495538.61
2026-03-18,fx_pb_1,53250000.0,18790322.68,34459677.32
2026-03-19,bank_1,23000000.0,8443061.21,14556938.79
2026-03-19,bank_2,32500000.0,5395678.71,27104321.29
2026-03-19,bank_3,23500000.0,4082399.16,19417600.84
2026-03-19,bank_4,27750000.0,10254461.39,17495538.61
2026-03-19,fx_pb_1,53250000.0,18790322.68,34459677.32
2026-03-20,bank_1,23000000.0,8443061.21,14556938.79
2026-03-20,bank_2,32500000.0,5395678.71,27104321.29
2026-03-20,bank_3,23500000.0,4082399.16,19417600.84
2026-03-20,bank_4,27750000.0,10254461.39,17495538.61
2026-03-20,fx_pb_1,53250000.0,18790322.68,34459677.32
2026-03-23,bank_1,23000000.0,8443061.21,14556938.79
2026-03-23,bank_2,32500000.0,5395678.71,27104321.29
2026-03-23,bank_3,23500000.0,5180907.4,18319092.6
2026-03-23,bank_4,27750000.0,10254461.39,17495538.61
2026-03-23,fx_pb_1,53250000.0,19215703.0,34034297.0
2026-03-24,bank_1,23000000.0,8443061.21,14556938.79
2026-03-24,bank_2,32500000.0,5395678.71,27104321.29
2026-03-24,bank_3,23500000.0,10298738.06,13201261.94
2026-03-24,bank_4,27750000.0,10254461.39,17495538.61
2026-03-24,fx_pb_1,53250000.0,25708964.689999998,27541035.31
2026-03-25,bank_1,23000000.0,8443061.21,14556938.79
2026-03-25,bank_2,32500000.0,8927768.66,23572231.34
2026-03-25,bank_3,23500000.0,10298738.06,13201261.94
2026-03-25,bank_4,27750000.0,10254461.39,17495538.61
2026-03-25,fx_pb_1,53250000.0,15851969.93,37398030.07
2026-03-26,bank_1,23000000.0,8443061.21,14556938.79
2026-03-26,bank_2,32500000.0,8927768.66,23572231.34
2026-03-26,bank_3,23500000.0,7740745.35,15759254.65
2026-03-26,bank_4,27750000.0,10254461.39,17495538.61
2026-03-26,fx_pb_1,53250000.0,15851969.93,37398030.07
2026-03-27,bank_1,23000000.0,8443061.21,14556938.79
2026-03-27,bank_2,32500000.0,7157589.67,25342410.33
2026-03-27,bank_3,23500000.0,9205885.23,14294114.77
2026-03-27,bank_4,27750000.0,10254461.39,17495538.61
2026-03-27,fx_pb_1,53250000.0,15851969.93,37398030.07
2026-03-30,bank_1,23000000.0,8443061.21,14556938.79
2026-03-30,bank_2,32500000.0,7157589.67,25342410.33
2026-03-30,bank_3,23500000.0,9205885.23,14294114.77
2026-03-30,bank_4,27750000.0,10254461.39,17495538.61
2026-03-30,fx_pb_1,53250000.0,15851969.93,37398030.07
2026-03-31,bank_1,23000000.0,8443061.21,14556938.79
2026-03-31,bank_2,32500000.0,7157589.67,25342410.33
2026-03-31,bank_3,23500000.0,9205885.23,14294114.77
2026-03-31,bank_4,27750000.0,12951582.370000001,14798417.63
2026-03-31,fx_pb_1,53250000.0,15851969.93,37398030.07
2026-04-01,bank_1,23000000.0,8443061.21,14556938.79
2026-04-01,bank_2,32500000.0,7157589.67,25342410.33
2026-04-01,bank_3,23500000.0,9205885.23,14294114.77
2026-04-01,bank_4,27750000.0,12951582.370000001,14798417.63
2026-04-01,fx_pb_1,53250000.0,15851969.93,37398030.07
2026-04-02,bank_1,23000000.0,8443061.21,14556938.79
2026-04-02,bank_2,32500000.0,10185388.23,22314611.77
2026-04-02,bank_3,23500000.0,9205885.23,14294114.77
2026-04-02,bank_4,27750000.0,12951582.370000001,14798417.63
2026-04-02,fx_pb_1,53250000.0,15851969.93,37398030.07
2026-04-03,bank_1,23000000.0,9134565.0,13865435.0
2026-04-03,bank_2,32500000.0,10185388.23,22314611.77
2026-04-03,bank_3,23500000.0,9205885.23,14294114.77
2026-04-03,bank_4,27750000.0,12951582.370000001,14798417.63
2026-04-03,fx_pb_1,53250000.0,15851969.93,37398030.07
2026-04-06,bank_1,23000000.0,14923883.350000001,8076116.65
2026-04-06,bank_2,32500000.0,8609077.0,23890923.0
2026-04-06,bank_3,23500000.0,9205885.23,14294114.77
2026-04-06,bank_4,27750000.0,12951582.370000001,14798417.63
2026-04-06,fx_pb_1,53250000.0,14000205.76,39249794.24
2026-04-07,bank_1,23000000.0,14923883.350000001,8076116.65
2026-04-07,bank_2,32500000.0,8609077.0,23890923.0
2026-04-07,bank_3,23500000.0,9205885.23,14294114.77
2026-04-07,bank_4,27750000.0,12951582.370000001,14798417.63
2026-04-07,fx_pb_1,53250000.0,14000205.76,39249794.24
2026-04-08,bank_1,23000000.0,12031829.22,10968170.78
2026-04-08,bank_2,32500000.0,8609077.0,23890923.0
2026-04-08,bank_3,23500000.0,9857845.72,13642154.28
2026-04-08,bank_4,27750000.0,12951582.370000001,14798417.63
2026-04-08,fx_pb_1,53250000.0,14000205.76,39249794.24
2026-04-09,bank_1,23000000.0,12031829.22,10968170.78
2026-04-09,bank_2,32500000.0,8609077.0,23890923.0
2026-04-09,bank_3,23500000.0,9857845.72,13642154.28
2026-04-09,bank_4,27750000.0,15550071.8,12199928.2
2026-04-09,fx_pb_1,53250000.0,14000205.76,39249794.24
2026-04-10,bank_1,23000000.0,12031829.22,10968170.78
2026-04-10,bank_2,32500000.0,8609077.0,23890923.0
2026-04-10,bank_3,23500000.0,9857845.72,13642154.28
2026-04-10,bank_4,27750000.0,15550071.8,12199928.2
2026-04-10,fx_pb_1,53250000.0,14000205.76,39249794.24
2026-04-13,bank_1,23000000.0,12031829.22,10968170.78
2026-04-13,bank_2,32500000.0,8609077.0,23890923.0
2026-04-13,bank_3,23500000.0,9857845.72,13642154.28
2026-04-13,bank_4,27750000.0,15550071.8,12199928.2
2026-04-13,fx_pb_1,53250000.0,13091187.55,40158812.45
2026-04-14,bank_1,23000000.0,12031829.22,10968170.78
2026-04-14,bank_2,32500000.0,10951539.83,21548460.17
2026-04-14,bank_3,23500000.0,9857845.72,13642154.28
2026-04-14,bank_4,27750000.0,15550071.8,12199928.2
2026-04-14,fx_pb_1,53250000.0,13091187.55,40158812.45
2026-04-15,bank_1,23000000.0,12031829.22,10968170.78
2026-04-15,bank_2,32500000.0,10951539.83,21548460.17
2026-04-15,bank_3,23500000.0,9857845.72,13642154.28
2026-04-15,bank_4,27750000.0,15550071.8,12199928.2
2026-04-15,fx_pb_1,53250000.0,13091187.55,40158812.45
2026-04-16,bank_1,23000000.0,12031829.22,10968170.78
2026-04-16,bank_2,32500000.0,14401893.53,18098106.47
2026-04-16,bank_3,23500000.0,9857845.72,13642154.28
2026-04-16,bank_4,27750000.0,15550071.8,12199928.2
2026-04-16,fx_pb_1,53250000.0,13091187.55,40158812.45
2026-04-17,bank_1,23000000.0,12031829.22,10968170.78
2026-04-17,bank_2,32500000.0,14401893.53,18098106.47
2026-04-17,bank_3,23500000.0,9857845.72,13642154.28
2026-04-17,bank_4,27750000.0,15550071.8,12199928.2
2026-04-17,fx_pb_1,53250000.0,13091187.55,40158812.45
2026-04-20,bank_1,23000000.0,12031829.22,10968170.78
2026-04-20,bank_2,32500000.0,12072673.67,20427326.33
2026-04-20,bank_3,23500000.0,9857845.72,13642154.28
2026-04-20,bank_4,27750000.0,15550071.8,12199928.2
2026-04-20,fx_pb_1,53250000.0,15001234.72,38248765.28
2026-04-21,bank_1,23000000.0,12031829.22,10968170.78
2026-04-21,bank_2,32500000.0,12072673.67,20427326.33
2026-04-21,bank_3,23500000.0,8665063.8,14834936.2
2026-04-21,bank_4,27750000.0,15550071.8,12199928.2
2026-04-21,fx_pb_1,53250000.0,15001234.72,38248765.28
2026-04-22,bank_1,23000000.0,12031829.22,10968170.78
2026-04-22,bank_2,32500000.0,19532190.86,12967809.14
2026-04-22,bank_3,23500000.0,8665063.8,14834936.2
2026-04-22,bank_4,27750000.0,15550071.8,12199928.2
2026-04-22,fx_pb_1,53250000.0,13248515.77,40001484.23
2026-04-23,bank_1,23000000.0,12031829.22,10968170.78
2026-04-23,bank_2,32500000.0,12072673.67,20427326.33
2026-04-23,bank_3,23500000.0,7566555.5600000005,15933444.44
2026-04-23,bank_4,27750000.0,15550071.8,12199928.2
2026-04-23,fx_pb_1,53250000.0,13248515.77,40001484.23
2026-04-24,bank_1,23000000.0,12031829.22,10968170.78
2026-04-24,bank_2,32500000.0,12072673.67,20427326.33
2026-04-24,bank_3,23500000.0,7566555.5600000005,15933444.44
2026-04-24,bank_4,27750000.0,15550071.8,12199928.2
2026-04-24,fx_pb_1,53250000.0,13366663.46,39883336.54
2026-04-27,bank_1,23000000.0,12031829.22,10968170.78
2026-04-27,bank_2,32500000.0,12072673.67,20427326.33
2026-04-27,bank_3,23500000.0,7566555.5600000005,15933444.44
2026-04-27,bank_4,27750000.0,15550071.8,12199928.2
2026-04-27,fx_pb_1,53250000.0,11198467.52,42051532.48
2026-04-28,bank_1,23000000.0,12031829.22,10968170.78
2026-04-28,bank_2,32500000.0,12072673.67,20427326.33
2026-04-28,bank_3,23500000.0,7566555.5600000005,15933444.44
2026-04-28,bank_4,27750000.0,15550071.8,12199928.2
2026-04-28,fx_pb_1,53250000.0,21133927.12,32116072.88
2026-04-29,bank_1,23000000.0,12031829.22,10968170.78
2026-04-29,bank_2,32500000.0,12072673.67,20427326.33
2026-04-29,bank_3,23500000.0,7566555.5600000005,15933444.44
2026-04-29,bank_4,27750000.0,15550071.8,12199928.2
2026-04-29,fx_pb_1,53250000.0,21133927.12,32116072.88
2026-04-30,bank_1,23000000.0,13212710.670000002,9787289.33
2026-04-30,bank_2,32500000.0,12072673.67,20427326.33
2026-04-30,bank_3,23500000.0,7566555.5600000005,15933444.44
2026-04-30,bank_4,27750000.0,15550071.8,12199928.2
2026-04-30,fx_pb_1,53250000.0,16146568.05,37103431.95
2026-05-01,bank_1,23000000.0,13212710.670000002,9787289.33
2026-05-01,bank_2,32500000.0,12894088.02,19605911.98
2026-05-01,bank_3,23500000.0,7566555.5600000005,15933444.44
2026-05-01,bank_4,27750000.0,15550071.8,12199928.2
2026-05-01,fx_pb_1,53250000.0,16146568.05,37103431.95
2026-05-04,bank_1,23000000.0,17882580.41,5117419.59
2026-05-04,bank_2,32500000.0,12072673.67,20427326.33
2026-05-04,bank_3,23500000.0,7566555.5600000005,15933444.44
2026-05-04,bank_4,27750000.0,9479470.56,18270529.44
2026-05-04,fx_pb_1,53250000.0,8974270.18,44275729.82
2026-05-05,bank_1,23000000.0,17882580.41,5117419.59
2026-05-05,bank_2,32500000.0,12072673.67,20427326.33
2026-05-05,bank_3,23500000.0,7566555.5600000005,15933444.44
2026-05-05,bank_4,27750000.0,9479470.56,18270529.44
2026-05-05,fx_pb_1,53250000.0,8974270.18,44275729.82
2026-05-06,bank_1,23000000.0,14985316.190000001,8014683.81
2026-05-06,bank_2,32500000.0,12072673.67,20427326.33
2026-05-06,bank_3,23500000.0,7566555.5600000005,15933444.44
2026-05-06,bank_4,27750000.0,9479470.56,18270529.44
2026-05-06,fx_pb_1,53250000.0,8974270.18,44275729.82
2026-05-07,bank_1,23000000.0,14985316.190000001,8014683.81
2026-05-07,bank_2,32500000.0,12072673.67,20427326.33
2026-05-07,bank_3,23500000.0,7566555.5600000005,15933444.44
2026-05-07,bank_4,27750000.0,9479470.56,18270529.44
2026-05-07,fx_pb_1,53250000.0,8974270.18,44275729.82
2026-05-08,bank_1,23000000.0,14985316.190000001,8014683.81
2026-05-08,bank_2,32500000.0,28939004.09,3560995.91
2026-05-08,bank_3,23500000.0,6914595.07,16585404.93
2026-05-08,bank_4,27750000.0,9479470.56,18270529.44
2026-05-08,fx_pb_1,53250000.0,8974270.18,44275729.82
2026-05-11,bank_1,23000000.0,14985316.190000001,8014683.81
2026-05-11,bank_2,32500000.0,20534245.3,11965754.7
2026-05-11,bank_3,23500000.0,6914595.07,16585404.93
2026-05-11,bank_4,27750000.0,9479470.56,18270529.44
2026-05-11,fx_pb_1,53250000.0,8974270.18,44275729.82
2026-05-12,bank_1,23000000.0,14985316.190000001,8014683.81
2026-05-12,bank_2,32500000.0,20534245.3,11965754.7
2026-05-12,bank_3,23500000.0,6914595.07,16585404.93
2026-05-12,bank_4,27750000.0,9479470.56,18270529.44
2026-05-12,fx_pb_1,53250000.0,8974270.18,44275729.82
2026-05-13,bank_1,23000000.0,14985316.190000001,8014683.81
2026-05-13,bank_2,32500000.0,20534245.3,11965754.7
2026-05-13,bank_3,23500000.0,6914595.07,16585404.93
2026-05-13,bank_4,27750000.0,9479470.56,18270529.44
2026-05-13,fx_pb_1,53250000.0,8974270.18,44275729.82
2026-05-14,bank_1,23000000.0,14985316.190000001,8014683.81
2026-05-14,bank_2,32500000.0,23236507.5,9263492.5
2026-05-14,bank_3,23500000.0,6914595.07,16585404.93
2026-05-14,bank_4,27750000.0,9479470.56,18270529.44
2026-05-14,fx_pb_1,53250000.0,8974270.18,44275729.82
2026-05-15,bank_1,23000000.0,14985316.190000001,8014683.81
2026-05-15,bank_2,32500000.0,23236507.5,9263492.5
2026-05-15,bank_3,23500000.0,6914595.07,16585404.93
2026-05-15,bank_4,27750000.0,9479470.56,18270529.44
2026-05-15,fx_pb_1,53250000.0,8974270.18,44275729.82
2026-05-18,bank_1,23000000.0,14985316.190000001,8014683.81
2026-05-18,bank_2,32500000.0,23236507.5,9263492.5
2026-05-18,bank_3,23500000.0,6914595.07,16585404.93
2026-05-18,bank_4,27750000.0,9479470.56,18270529.44
2026-05-18,fx_pb_1,53250000.0,8974270.18,44275729.82
2026-05-19,bank_1,23000000.0,14985316.190000001,8014683.81
2026-05-19,bank_2,32500000.0,23419129.36,9080870.64
2026-05-19,bank_3,23500000.0,6914595.07,16585404.93
2026-05-19,bank_4,27750000.0,9479470.56,18270529.44
2026-05-19,fx_pb_1,53250000.0,8974270.18,44275729.82
2026-05-20,bank_1,23000000.0,14985316.190000001,8014683.81
2026-05-20,bank_2,32500000.0,23419129.36,9080870.64
2026-05-20,bank_3,23500000.0,6914595.07,16585404.93
2026-05-20,bank_4,27750000.0,9479470.56,18270529.44
2026-05-20,fx_pb_1,53250000.0,8974270.18,44275729.82
2026-05-21,bank_1,23000000.0,14985316.190000001,8014683.81
2026-05-21,bank_2,32500000.0,23419129.36,9080870.64
2026-05-21,bank_3,23500000.0,6914595.07,16585404.93
2026-05-21,bank_4,27750000.0,10463492.3,17286507.7
2026-05-21,fx_pb_1,53250000.0,8974270.18,44275729.82
2026-05-22,bank_1,23000000.0,14985316.190000001,8014683.81
2026-05-22,bank_2,32500000.0,23419129.36,9080870.64
2026-05-22,bank_3,23500000.0,9506625.84,13993374.16
2026-05-22,bank_4,27750000.0,9479470.56,18270529.44
2026-05-22,fx_pb_1,53250000.0,8974270.18,44275729.82
2026-05-26,bank_1,23000000.0,14985316.190000001,8014683.81
2026-05-26,bank_2,32500000.0,23419129.36,9080870.64
2026-05-26,bank_3,23500000.0,8216365.33,15283634.67
2026-05-26,bank_4,27750000.0,11088879.77,16661120.23
2026-05-26,fx_pb_1,53250000.0,8974270.18,44275729.82
2026-05-27,bank_1,23000000.0,14985316.190000001,8014683.81
2026-05-27,bank_2,32500000.0,23419129.36,9080870.64
2026-05-27,bank_3,23500000.0,10033931.55,13466068.45
2026-05-27,bank_4,27750000.0,9592230.57,18157769.43
2026-05-27,fx_pb_1,53250000.0,8974270.18,44275729.82
2026-05-28,bank_1,23000000.0,14985316.190000001,8014683.81
2026-05-28,bank_2,32500000.0,23419129.36,9080870.64
2026-05-28,bank_3,23500000.0,10033931.55,13466068.45
2026-05-28,bank_4,27750000.0,9592230.57,18157769.43
2026-05-28,fx_pb_1,53250000.0,11378274.540000001,41871725.46
2026-05-29,bank_1,23000000.0,14985316.190000001,8014683.81
2026-05-29,bank_2,32500000.0,23419129.36,9080870.64
2026-05-29,bank_3,23500000.0,10033931.55,13466068.45
2026-05-29,bank_4,27750000.0,12167095.01,15582904.99
2026-05-29,fx_pb_1,53250000.0,8974270.18,44275729.82
2026-06-01,bank_1,23000000.0,14985316.190000001,8014683.81
2026-06-01,bank_2,32500000.0,23419129.36,9080870.64
2026-06-01,bank_3,23500000.0,10033931.55,13466068.45
2026-06-01,bank_4,27750000.0,9469974.03,18280025.97
2026-06-01,fx_pb_1,53250000.0,8974270.18,44275729.82
2026-06-02,bank_1,23000000.0,7415849.550000001,15584150.45
2026-06-02,bank_2,32500000.0,23419129.36,9080870.64
2026-06-02,bank_3,23500000.0,8778950.81,14721049.19
2026-06-02,bank_4,27750000.0,18465810.2,9284189.8
2026-06-02,fx_pb_1,53250000.0,9425384.88,43824615.12
2026-06-03,bank_1,23000000.0,7415849.550000001,15584150.45
2026-06-03,bank_2,32500000.0,23419129.36,9080870.64
2026-06-03,bank_3,23500000.0,12029459.92,11470540.08
2026-06-03,bank_4,27750000.0,9469974.03,18280025.97
2026-06-03,fx_pb_1,53250000.0,9466205.67,43783794.33
2026-06-04,bank_1,23000000.0,7415849.550000001,15584150.45
2026-06-04,bank_2,32500000.0,23500488.01,8999511.99
2026-06-04,bank_3,23500000.0,12029459.92,11470540.08
2026-06-04,bank_4,27750000.0,9469974.03,18280025.97
2026-06-04,fx_pb_1,53250000.0,8974270.18,44275729.82
2026-06-05,bank_1,23000000.0,7415849.550000001,15584150.45
2026-06-05,bank_2,32500000.0,23500488.01,8999511.99
2026-06-05,bank_3,23500000.0,10407536.9,13092463.1
2026-06-05,bank_4,27750000.0,9469974.03,18280025.97
2026-06-05,fx_pb_1,53250000.0,18898201.2,34351798.8
2026-06-08,bank_1,23000000.0,8341532.45,14658467.55
2026-06-08,bank_2,32500000.0,23500488.01,8999511.99
2026-06-08,bank_3,23500000.0,8772900.4,14727099.6
2026-06-08,bank_4,27750000.0,9469974.03,18280025.97
2026-06-08,fx_pb_1,53250000.0,8974270.18,44275729.82
2026-06-09,bank_1,23000000.0,7415849.550000001,15584150.45
2026-06-09,bank_2,32500000.0,20593814.16,11906185.84
2026-06-09,bank_3,23500000.0,8772900.4,14727099.6
2026-06-09,bank_4,27750000.0,9469974.03,18280025.97
2026-06-09,fx_pb_1,53250000.0,8974270.18,44275729.82
2026-06-10,bank_1,23000000.0,7415849.550000001,15584150.45
2026-06-10,bank_2,32500000.0,20593814.16,11906185.84
2026-06-10,bank_3,23500000.0,8772900.4,14727099.6
2026-06-10,bank_4,27750000.0,11642864.379999999,16107135.62
2026-06-10,fx_pb_1,53250000.0,8974270.18,44275729.82
2026-06-11,bank_1,23000000.0,7415849.550000001,15584150.45
2026-06-11,bank_2,32500000.0,20593814.16,11906185.84
2026-06-11,bank_3,23500000.0,8772900.4,14727099.6
2026-06-11,bank_4,27750000.0,9469974.03,18280025.97
2026-06-11,fx_pb_1,53250000.0,11661446.950000001,41588553.05
2026-06-12,bank_1,23000000.0,7415849.550000001,15584150.45
2026-06-12,bank_2,32500000.0,20593814.16,11906185.84
2026-06-12,bank_3,23500000.0,9889117.36,13610882.64
2026-06-12,bank_4,27750000.0,9469974.03,18280025.97
2026-06-12,fx_pb_1,53250000.0,8974270.18,44275729.82
2026-06-15,bank_1,23000000.0,7415849.550000001,15584150.45
2026-06-15,bank_2,32500000.0,20593814.16,11906185.84
2026-06-15,bank_3,23500000.0,9889117.36,13610882.64
2026-06-15,bank_4,27750000.0,8572774.66,19177225.34
2026-06-15,fx_pb_1,53250000.0,8974270.18,44275729.82
2026-06-16,bank_1,23000000.0,10117518.23,12882481.77
2026-06-16,bank_2,32500000.0,20593814.16,11906185.84
2026-06-16,bank_3,23500000.0,13103343.21,10396656.79
2026-06-16,bank_4,27750000.0,7362815.23,20387184.77
2026-06-16,fx_pb_1,53250000.0,8974270.18,44275729.82
2026-06-17,bank_1,23000000.0,10117518.23,12882481.77
2026-06-17,bank_2,32500000.0,20593814.16,11906185.84
2026-06-17,bank_3,23500000.0,13103343.21,10396656.79
2026-06-17,bank_4,27750000.0,10326427.129999999,17423572.87
2026-06-17,fx_pb_1,53250000.0,8974270.18,44275729.82
2026-06-18,bank_1,23000000.0,8762505.07,14237494.93
2026-06-18,bank_2,32500000.0,20593814.16,11906185.84
2026-06-18,bank_3,23500000.0,11488273.07,12011726.93
2026-06-18,bank_4,27750000.0,12206604.53,15543395.47
2026-06-18,fx_pb_1,53250000.0,25109387.35,28140612.65
2026-06-22,bank_1,23000000.0,14643537.09,8356462.91
2026-06-22,bank_2,32500000.0,20593814.16,11906185.84
2026-06-22,bank_3,23500000.0,11488273.07,12011726.93
2026-06-22,bank_4,27750000.0,10326427.129999999,17423572.87
2026-06-22,fx_pb_1,53250000.0,17064515.72,36185484.28
2026-06-23,bank_1,23000000.0,14643537.09,8356462.91
2026-06-23,bank_2,32500000.0,30066725.830000002,2433274.17
2026-06-23,bank_3,23500000.0,11488273.07,12011726.93
2026-06-23,bank_4,27750000.0,10326427.129999999,17423572.87
2026-06-23,fx_pb_1,53250000.0,17064515.72,36185484.28
2026-06-24,bank_1,23000000.0,14643537.09,8356462.91
2026-06-24,bank_2,32500000.0,30066725.830000002,2433274.17
2026-06-24,bank_3,23500000.0,11488273.07,12011726.93
2026-06-24,bank_4,27750000.0,10326427.129999999,17423572.87
2026-06-24,fx_pb_1,53250000.0,25306928.34,27943071.66
2026-06-25,bank_1,23000000.0,17359787.7,5640212.3
2026-06-25,bank_2,32500000.0,30066725.830000002,2433274.17
2026-06-25,bank_3,23500000.0,11488273.07,12011726.93
2026-06-25,bank_4,27750000.0,10326427.129999999,17423572.87
2026-06-25,fx_pb_1,53250000.0,25240536.0,28009464.0
2026-06-26,bank_1,23000000.0,14643537.09,8356462.91
2026-06-26,bank_2,32500000.0,30066725.830000002,2433274.17
2026-06-26,bank_3,23500000.0,11488273.07,12011726.93
2026-06-26,bank_4,27750000.0,10326427.129999999,17423572.87
2026-06-26,fx_pb_1,53250000.0,29005312.84,24244687.16
2026-06-29,bank_1,23000000.0,14643537.09,8356462.91
2026-06-29,bank_2,32500000.0,30066725.830000002,2433274.17
2026-06-29,bank_3,23500000.0,10023133.19,13476866.81
2026-06-29,bank_4,27750000.0,10326427.129999999,17423572.87
2026-06-29,fx_pb_1,53250000.0,31620176.05,21629823.95
2026-06-30,bank_1,23000000.0,14643537.09,8356462.91
2026-06-30,bank_2,32500000.0,30066725.830000002,2433274.17
2026-06-30,bank_3,23500000.0,10023133.19,13476866.81
2026-06-30,bank_4,27750000.0,11600069.69,16149930.31
2026-06-30,fx_pb_1,53250000.0,29005312.84,24244687.16
2026-07-01,bank_1,20750000.0,14643537.09,6106462.91
2026-07-01,bank_2,30250000.0,30066725.830000002,183274.17
2026-07-01,bank_3,24500000.0,10023133.19,14476866.81
2026-07-01,bank_4,29250000.0,10326427.129999999,18923572.87
2026-07-01,fx_pb_1,55250000.0,29005312.84,26244687.16
2026-07-02,bank_1,20750000.0,13769942.52,6980057.48
2026-07-02,bank_2,30250000.0,30066725.830000002,183274.17
2026-07-02,bank_3,24500000.0,10023133.19,14476866.81
2026-07-02,bank_4,29250000.0,13910727.5,15339272.5
2026-07-02,fx_pb_1,55250000.0,29005312.84,26244687.16
2026-07-06,bank_1,20750000.0,9100072.78,11649927.22
2026-07-06,bank_2,30250000.0,30066725.830000002,183274.17
2026-07-06,bank_3,24500000.0,10023133.19,14476866.81
2026-07-06,bank_4,29250000.0,12125989.31,17124010.69
2026-07-06,fx_pb_1,55250000.0,27969639.27,27280360.73
2026-07-07,bank_1,20750000.0,9100072.78,11649927.22
2026-07-07,bank_2,30250000.0,30066725.830000002,183274.17
2026-07-07,bank_3,24500000.0,10023133.19,14476866.81
2026-07-07,bank_4,29250000.0,12125989.31,17124010.69
2026-07-07,fx_pb_1,55250000.0,29656224.19,25593775.81
2026-07-08,bank_1,20750000.0,9100072.78,11649927.22
2026-07-08,bank_2,30250000.0,30066725.830000002,183274.17
2026-07-08,bank_3,24500000.0,10023133.19,14476866.81
2026-07-08,bank_4,29250000.0,12125989.31,17124010.69
2026-07-08,fx_pb_1,55250000.0,29656224.19,25593775.81
2026-07-09,bank_1,20750000.0,9100072.78,11649927.22
2026-07-09,bank_2,30250000.0,30066725.830000002,183274.17
2026-07-09,bank_3,24500000.0,10023133.19,14476866.81
2026-07-09,bank_4,29250000.0,12125989.31,17124010.69
2026-07-09,fx_pb_1,55250000.0,29656224.19,25593775.81
2026-07-10,bank_1,20750000.0,9100072.78,11649927.22
2026-07-10,bank_2,30250000.0,30066725.830000002,183274.17
2026-07-10,bank_3,24500000.0,13152983.6,11347016.4
2026-07-10,bank_4,29250000.0,12125989.31,17124010.69
2026-07-10,fx_pb_1,55250000.0,29656224.19,25593775.81
2026-07-13,bank_1,20750000.0,9100072.78,11649927.22
2026-07-13,bank_2,30250000.0,30066725.830000002,183274.17
2026-07-13,bank_3,24500000.0,11583901.85,12916098.15
2026-07-13,bank_4,29250000.0,12125989.31,17124010.69
2026-07-13,fx_pb_1,55250000.0,39962355.38,15287644.62
2026-07-14,bank_1,20750000.0,11253298.45,9496701.55
2026-07-14,bank_2,30250000.0,27724263.0,2525737.0
2026-07-14,bank_3,24500000.0,11583901.85,12916098.15
2026-07-14,bank_4,29250000.0,13984383.48,15265616.52
2026-07-14,fx_pb_1,55250000.0,37378406.53,17871593.47
2026-07-15,bank_1,20750000.0,11253298.45,9496701.55
2026-07-15,bank_2,30250000.0,27724263.0,2525737.0
2026-07-15,bank_3,24500000.0,11583901.85,12916098.15
2026-07-15,bank_4,29250000.0,13420289.209999999,15829710.79
2026-07-15,fx_pb_1,55250000.0,36266410.54,18983589.46
2026-07-16,bank_1,20750000.0,8834957.43,11915042.57
2026-07-16,bank_2,30250000.0,27724263.0,2525737.0
2026-07-16,bank_3,24500000.0,9984746.14,14515253.86
2026-07-16,bank_4,29250000.0,12770552.62,16479447.38
2026-07-16,fx_pb_1,55250000.0,36266410.54,18983589.46
2026-07-17,bank_1,20750000.0,8834957.43,11915042.57
2026-07-17,bank_2,30250000.0,27724263.0,2525737.0
2026-07-17,bank_3,24500000.0,10274026.43,14225973.57
2026-07-17,bank_4,29250000.0,12770552.62,16479447.38
2026-07-17,fx_pb_1,55250000.0,36266410.54,18983589.46
2026-07-20,bank_1,20750000.0,8834957.43,11915042.57
2026-07-20,bank_2,30250000.0,27724263.0,2525737.0
2026-07-20,bank_3,24500000.0,9984746.14,14515253.86
2026-07-20,bank_4,29250000.0,12770552.62,16479447.38
2026-07-20,fx_pb_1,55250000.0,36266410.54,18983589.46
2026-07-21,bank_1,20750000.0,8901767.99,11848232.01
2026-07-21,bank_2,30250000.0,27724263.0,2525737.0
2026-07-21,bank_3,24500000.0,9984746.14,14515253.86
2026-07-21,bank_4,29250000.0,12770552.62,16479447.38
2026-07-21,fx_pb_1,55250000.0,36266410.54,18983589.46
2026-07-22,bank_1,20750000.0,3020735.9699999997,17729264.03
2026-07-22,bank_2,30250000.0,27724263.0,2525737.0
2026-07-22,bank_3,24500000.0,9984746.14,14515253.86
2026-07-22,bank_4,29250000.0,12770552.62,16479447.38
2026-07-22,fx_pb_1,55250000.0,36266410.54,18983589.46
2026-07-23,bank_1,20750000.0,3020735.9699999997,17729264.03
2026-07-23,bank_2,30250000.0,27724263.0,2525737.0
2026-07-23,bank_3,24500000.0,9984746.14,14515253.86
2026-07-23,bank_4,29250000.0,12770552.62,16479447.38
2026-07-23,fx_pb_1,55250000.0,37932598.86,17317401.14
2026-07-24,bank_1,20750000.0,3020735.9699999997,17729264.03
2026-07-24,bank_2,30250000.0,27724263.0,2525737.0
2026-07-24,bank_3,24500000.0,9984746.14,14515253.86
2026-07-24,bank_4,29250000.0,12770552.62,16479447.38
2026-07-24,fx_pb_1,55250000.0,37932598.86,17317401.14
2026-07-27,bank_1,20750000.0,3020735.9699999997,17729264.03
2026-07-27,bank_2,30250000.0,27724263.0,2525737.0
2026-07-27,bank_3,24500000.0,9984746.14,14515253.86
2026-07-27,bank_4,29250000.0,12657792.61,16592207.39
2026-07-27,fx_pb_1,55250000.0,37932598.86,17317401.14
2026-07-28,bank_1,20750000.0,3020735.9699999997,17729264.03
2026-07-28,bank_2,30250000.0,27724263.0,2525737.0
2026-07-28,bank_3,24500000.0,13324731.17,11175268.83
2026-07-28,bank_4,29250000.0,12657792.61,16592207.39
2026-07-28,fx_pb_1,55250000.0,37932598.86,17317401.14
2026-07-29,bank_1,20750000.0,3020735.9699999997,17729264.03
2026-07-29,bank_2,30250000.0,27724263.0,2525737.0
2026-07-29,bank_3,24500000.0,9984746.14,14515253.86
2026-07-29,bank_4,29250000.0,12657792.61,16592207.39
2026-07-29,fx_pb_1,55250000.0,38170498.08,17079501.92
2026-07-30,bank_1,20750000.0,3245762.78,17504237.22
2026-07-30,bank_2,30250000.0,27724263.0,2525737.0
2026-07-30,bank_3,24500000.0,9984746.14,14515253.86
2026-07-30,bank_4,29250000.0,12657792.61,16592207.39
2026-07-30,fx_pb_1,55250000.0,38170498.08,17079501.92
2026-07-31,bank_1,20750000.0,3020735.9699999997,17729264.03
2026-07-31,bank_2,30250000.0,27724263.0,2525737.0
2026-07-31,bank_3,24500000.0,9984746.14,14515253.86
2026-07-31,bank_4,29250000.0,12657792.61,16592207.39
2026-07-31,fx_pb_1,55250000.0,38170498.08,17079501.92
2026-08-03,bank_1,20750000.0,3020735.9699999997,17729264.03
2026-08-03,bank_2,30250000.0,26140546.48,4109453.52
2026-08-03,bank_3,24500000.0,9984746.14,14515253.86
2026-08-03,bank_4,29250000.0,12657792.61,16592207.39
2026-08-03,fx_pb_1,55250000.0,50545687.85,4704312.15
2026-08-04,bank_1,20750000.0,3020735.9699999997,17729264.03
2026-08-04,bank_2,30250000.0,26140546.48,4109453.52
2026-08-04,bank_3,24500000.0,12583173.18,11916826.82
2026-08-04,bank_4,29250000.0,10581091.26,18668908.74
2026-08-04,fx_pb_1,55250000.0,50545687.85,4704312.15
2026-08-05,bank_1,20750000.0,4656007.24,16093992.76
2026-08-05,bank_2,30250000.0,26140546.48,4109453.52
2026-08-05,bank_3,24500000.0,9984746.14,14515253.86
2026-08-05,bank_4,29250000.0,10581091.26,18668908.74
2026-08-05,fx_pb_1,55250000.0,44364485.84,10885514.16
2026-08-06,bank_1,20750000.0,3020735.9699999997,17729264.03
2026-08-06,bank_2,30250000.0,26140546.48,4109453.52
2026-08-06,bank_3,24500000.0,9984746.14,14515253.86
2026-08-06,bank_4,29250000.0,10655914.42,18594085.58
2026-08-06,fx_pb_1,55250000.0,44364485.84,10885514.16
2026-08-07,bank_1,20750000.0,3020735.9699999997,17729264.03
2026-08-07,bank_2,30250000.0,26140546.48,4109453.52
2026-08-07,bank_3,24500000.0,9984746.14,14515253.86
2026-08-07,bank_4,29250000.0,12215397.6,17034602.4
2026-08-07,fx_pb_1,55250000.0,44364485.84,10885514.16
2026-08-10,bank_1,20750000.0,3020735.9699999997,17729264.03
2026-08-10,bank_2,30250000.0,26140546.48,4109453.52
2026-08-10,bank_3,24500000.0,9984746.14,14515253.86
2026-08-10,bank_4,29250000.0,9616908.17,19633091.83
2026-08-10,fx_pb_1,55250000.0,44364485.84,10885514.16
2026-08-11,bank_1,20750000.0,3020735.9699999997,17729264.03
2026-08-11,bank_2,30250000.0,26140546.48,4109453.52
2026-08-11,bank_3,24500000.0,9984746.14,14515253.86
2026-08-11,bank_4,29250000.0,9616908.17,19633091.83
2026-08-11,fx_pb_1,55250000.0,44364485.84,10885514.16
2026-08-12,bank_1,20750000.0,3020735.9699999997,17729264.03
2026-08-12,bank_2,30250000.0,26140546.48,4109453.52
2026-08-12,bank_3,24500000.0,9984746.14,14515253.86
2026-08-12,bank_4,29250000.0,9616908.17,19633091.83
2026-08-12,fx_pb_1,55250000.0,44364485.84,10885514.16
2026-08-13,bank_1,20750000.0,3020735.9699999997,17729264.03
2026-08-13,bank_2,30250000.0,24384606.630000003,5865393.37
2026-08-13,bank_3,24500000.0,9984746.14,14515253.86
2026-08-13,bank_4,29250000.0,9616908.17,19633091.83
2026-08-13,fx_pb_1,55250000.0,44364485.84,10885514.16
2026-08-14,bank_1,20750000.0,6004284.92,14745715.08
2026-08-14,bank_2,30250000.0,24384606.630000003,5865393.37
2026-08-14,bank_3,24500000.0,9984746.14,14515253.86
2026-08-14,bank_4,29250000.0,9616908.17,19633091.83
2026-08-14,fx_pb_1,55250000.0,44364485.84,10885514.16
2026-08-17,bank_1,20750000.0,6004284.92,14745715.08
2026-08-17,bank_2,30250000.0,24384606.630000003,5865393.37
2026-08-17,bank_3,24500000.0,9984746.14,14515253.86
2026-08-17,bank_4,29250000.0,9616908.17,19633091.83
2026-08-17,fx_pb_1,55250000.0,44364485.84,10885514.16
2026-08-18,bank_1,20750000.0,6004284.92,14745715.08
2026-08-18,bank_2,30250000.0,24384606.630000003,5865393.37
2026-08-18,bank_3,24500000.0,9984746.14,14515253.86
2026-08-18,bank_4,29250000.0,9616908.17,19633091.83
2026-08-18,fx_pb_1,55250000.0,36274240.3,18975759.7
2026-08-19,bank_1,20750000.0,6004284.92,14745715.08
2026-08-19,bank_2,30250000.0,24201984.770000003,6048015.23
2026-08-19,bank_3,24500000.0,9984746.14,14515253.86
2026-08-19,bank_4,29250000.0,9616908.17,19633091.83
2026-08-19,fx_pb_1,55250000.0,36274240.3,18975759.7
2026-08-20,bank_1,20750000.0,6004284.92,14745715.08
2026-08-20,bank_2,30250000.0,24201984.770000003,6048015.23
2026-08-20,bank_3,24500000.0,9984746.14,14515253.86
2026-08-20,bank_4,29250000.0,9616908.17,19633091.83
2026-08-20,fx_pb_1,55250000.0,34513887.9,20736112.1
2026-08-21,bank_1,20750000.0,6004284.92,14745715.08
2026-08-21,bank_2,30250000.0,24201984.770000003,6048015.23
2026-08-21,bank_3,24500000.0,9984746.14,14515253.86
2026-08-21,bank_4,29250000.0,9616908.17,19633091.83
2026-08-21,fx_pb_1,55250000.0,34513887.9,20736112.1
2026-08-24,bank_1,20750000.0,6004284.92,14745715.08
2026-08-24,bank_2,30250000.0,24201984.770000003,6048015.23
2026-08-24,bank_3,24500000.0,7424908.1899999995,17075091.81
2026-08-24,bank_4,29250000.0,17519683.53,11730316.47
2026-08-24,fx_pb_1,55250000.0,34513887.9,20736112.1
2026-08-25,bank_1,20750000.0,6004284.92,14745715.08
2026-08-25,bank_2,30250000.0,22440073.810000002,7809926.19
2026-08-25,bank_3,24500000.0,7424908.1899999995,17075091.81
2026-08-25,bank_4,29250000.0,12068447.44,17181552.56
2026-08-25,fx_pb_1,55250000.0,34513887.9,20736112.1
2026-08-26,bank_1,20750000.0,6004284.92,14745715.08
2026-08-26,bank_2,30250000.0,22440073.810000002,7809926.19
2026-08-26,bank_3,24500000.0,8336633.33,16163366.67
2026-08-26,bank_4,29250000.0,12068447.44,17181552.56
2026-08-26,fx_pb_1,55250000.0,38552434.51,16697565.49
2026-08-27,bank_1,20750000.0,10253377.25,10496622.75
2026-08-27,bank_2,30250000.0,22440073.810000002,7809926.19
2026-08-27,bank_3,24500000.0,8336633.33,16163366.67
2026-08-27,bank_4,29250000.0,12068447.44,17181552.56
2026-08-27,fx_pb_1,55250000.0,38552434.51,16697565.49
2026-08-28,bank_1,20750000.0,10253377.25,10496622.75
2026-08-28,bank_2,30250000.0,22440073.810000002,7809926.19
2026-08-28,bank_3,24500000.0,8336633.33,16163366.67
2026-08-28,bank_4,29250000.0,12068447.44,17181552.56
2026-08-28,fx_pb_1,55250000.0,36523268.410000004,18726731.59
2026-08-31,bank_1,20750000.0,10253377.25,10496622.75
2026-08-31,bank_2,30250000.0,22440073.810000002,7809926.19
2026-08-31,bank_3,24500000.0,8336633.33,16163366.67
2026-08-31,bank_4,29250000.0,9493583.0,19756417.0
2026-08-31,fx_pb_1,55250000.0,38376375.45,16873624.55
2026-09-01,bank_1,20750000.0,10253377.25,10496622.75
2026-09-01,bank_2,30250000.0,22440073.810000002,7809926.19
2026-09-01,bank_3,24500000.0,8336633.33,16163366.67
2026-09-01,bank_4,29250000.0,9493583.0,19756417.0
2026-09-01,fx_pb_1,55250000.0,38376375.45,16873624.55
2026-09-02,bank_1,20750000.0,10253377.25,10496622.75
2026-09-02,bank_2,30250000.0,22440073.810000002,7809926.19
2026-09-02,bank_3,24500000.0,11111775.51,13388224.49
2026-09-02,bank_4,29250000.0,9493583.0,19756417.0
2026-09-02,fx_pb_1,55250000.0,38499477.01,16750522.99
2026-09-03,bank_1,20750000.0,13037394.76,7712605.24
2026-09-03,bank_2,30250000.0,22440073.810000002,7809926.19
2026-09-03,bank_3,24500000.0,8336633.33,16163366.67
2026-09-03,bank_4,29250000.0,11311862.96,17938137.04
2026-09-03,fx_pb_1,55250000.0,39132152.33,16117847.67
2026-09-04,bank_1,20750000.0,13037394.76,7712605.24
2026-09-04,bank_2,30250000.0,22440073.810000002,7809926.19
2026-09-04,bank_3,24500000.0,8336633.33,16163366.67
2026-09-04,bank_4,29250000.0,9493583.0,19756417.0
2026-09-04,fx_pb_1,55250000.0,37453196.82,17796803.18
2026-09-08,bank_1,20750000.0,11643910.4,9106089.6
2026-09-08,bank_2,30250000.0,22440073.810000002,7809926.19
2026-09-08,bank_3,24500000.0,8336633.33,16163366.67
2026-09-08,bank_4,29250000.0,7859276.66,21390723.34
2026-09-08,fx_pb_1,55250000.0,37453196.82,17796803.18
2026-09-09,bank_1,20750000.0,11643910.4,9106089.6
2026-09-09,bank_2,30250000.0,22440073.810000002,7809926.19
2026-09-09,bank_3,24500000.0,8336633.33,16163366.67
2026-09-09,bank_4,29250000.0,10668247.24,18581752.76
2026-09-09,fx_pb_1,55250000.0,37453196.82,17796803.18
2026-09-10,bank_1,20750000.0,11643910.4,9106089.6
2026-09-10,bank_2,30250000.0,22440073.810000002,7809926.19
2026-09-10,bank_3,24500000.0,8336633.33,16163366.67
2026-09-10,bank_4,29250000.0,10668247.24,18581752.76
2026-09-10,fx_pb_1,55250000.0,37453196.82,17796803.18
2026-09-11,bank_1,20750000.0,11643910.4,9106089.6
2026-09-11,bank_2,30250000.0,22440073.810000002,7809926.19
2026-09-11,bank_3,24500000.0,8336633.33,16163366.67
2026-09-11,bank_4,29250000.0,9264071.04,19985928.96
2026-09-11,fx_pb_1,55250000.0,37453196.82,17796803.18
2026-09-14,bank_1,20750000.0,13634923.51,7115076.49
2026-09-14,bank_2,30250000.0,22440073.810000002,7809926.19
2026-09-14,bank_3,24500000.0,8336633.33,16163366.67
2026-09-14,bank_4,29250000.0,9264071.04,19985928.96
2026-09-14,fx_pb_1,55250000.0,37453196.82,17796803.18
2026-09-15,bank_1,20750000.0,13634923.51,7115076.49
2026-09-15,bank_2,30250000.0,22440073.810000002,7809926.19
2026-09-15,bank_3,24500000.0,8336633.33,16163366.67
2026-09-15,bank_4,29250000.0,9264071.04,19985928.96
2026-09-15,fx_pb_1,55250000.0,37453196.82,17796803.18
2026-09-16,bank_1,20750000.0,13634923.51,7115076.49
2026-09-16,bank_2,30250000.0,20718104.15,9531895.85
2026-09-16,bank_3,24500000.0,8336633.33,16163366.67
2026-09-16,bank_4,29250000.0,9264071.04,19985928.96
2026-09-16,fx_pb_1,55250000.0,37453196.82,17796803.18
2026-09-17,bank_1,20750000.0,13634923.51,7115076.49
2026-09-17,bank_2,30250000.0,20718104.15,9531895.85
2026-09-17,bank_3,24500000.0,8336633.33,16163366.67
2026-09-17,bank_4,29250000.0,9264071.04,19985928.96
2026-09-17,fx_pb_1,55250000.0,37453196.82,17796803.18
2026-09-18,bank_1,20750000.0,13634923.51,7115076.49
2026-09-18,bank_2,30250000.0,20718104.15,9531895.85
2026-09-18,bank_3,24500000.0,8336633.33,16163366.67
2026-09-18,bank_4,29250000.0,9264071.04,19985928.96
2026-09-18,fx_pb_1,55250000.0,37453196.82,17796803.18
2026-09-21,bank_1,20750000.0,13634923.51,7115076.49
2026-09-21,bank_2,30250000.0,22048726.8,8201273.2
2026-09-21,bank_3,24500000.0,8336633.33,16163366.67
2026-09-21,bank_4,29250000.0,9264071.04,19985928.96
2026-09-21,fx_pb_1,55250000.0,37453196.82,17796803.18
2026-09-22,bank_1,20750000.0,13634923.51,7115076.49
2026-09-22,bank_2,30250000.0,22048726.8,8201273.2
2026-09-22,bank_3,24500000.0,11969020.0,12530980.0
2026-09-22,bank_4,29250000.0,9264071.04,19985928.96
2026-09-22,fx_pb_1,55250000.0,37453196.82,17796803.18
2026-09-23,bank_1,20750000.0,13634923.51,7115076.49
2026-09-23,bank_2,30250000.0,12575815.13,17674184.87
2026-09-23,bank_3,24500000.0,11969020.0,12530980.0
2026-09-23,bank_4,29250000.0,9264071.04,19985928.96
2026-09-23,fx_pb_1,55250000.0,37453196.82,17796803.18
2026-09-24,bank_1,20750000.0,13634923.51,7115076.49
2026-09-24,bank_2,30250000.0,12575815.13,17674184.87
2026-09-24,bank_3,24500000.0,9498761.14,15001238.86
2026-09-24,bank_4,29250000.0,9264071.04,19985928.96
2026-09-24,fx_pb_1,55250000.0,37335049.13,17914950.87
2026-09-25,bank_1,20750000.0,13634923.51,7115076.49
2026-09-25,bank_2,30250000.0,12575815.13,17674184.87
2026-09-25,bank_3,24500000.0,9498761.14,15001238.86
2026-09-25,bank_4,29250000.0,9264071.04,19985928.96
2026-09-25,fx_pb_1,55250000.0,37335049.13,17914950.87
2026-09-28,bank_1,20750000.0,9385831.18,11364168.82
2026-09-28,bank_2,30250000.0,12575815.13,17674184.87
2026-09-28,bank_3,24500000.0,7681194.92,16818805.08
2026-09-28,bank_4,29250000.0,13053829.51,16196170.49
2026-09-28,fx_pb_1,55250000.0,32386948.6,22863051.4
2026-09-29,bank_1,20750000.0,9385831.18,11364168.82
2026-09-29,bank_2,30250000.0,12575815.13,17674184.87
2026-09-29,bank_3,24500000.0,7681194.92,16818805.08
2026-09-29,bank_4,29250000.0,13053829.51,16196170.49
2026-09-29,fx_pb_1,55250000.0,32149049.38,23100950.62
2026-09-30,bank_1,20750000.0,8204949.73,12545050.27
2026-09-30,bank_2,30250000.0,16688842.5,13561157.5
2026-09-30,bank_3,24500000.0,7681194.92,16818805.08
2026-09-30,bank_4,29250000.0,11154110.91,18095889.09
2026-09-30,fx_pb_1,55250000.0,32149049.38,23100950.62
2026-10-01,bank_1,20750000.0,8204949.73,12545050.27
2026-10-01,bank_2,30250000.0,16688842.5,13561157.5
2026-10-01,bank_3,24500000.0,7681194.92,16818805.08
2026-10-01,bank_4,29250000.0,19595621.9,9654378.1
2026-10-01,fx_pb_1,55250000.0,32149049.38,23100950.62
2026-10-02,bank_1,20750000.0,10278085.76,10471914.24
2026-10-02,bank_2,30250000.0,14627141.71,15622858.29
2026-10-02,bank_3,24500000.0,7681194.92,16818805.08
2026-10-02,bank_4,29250000.0,11154110.91,18095889.09
2026-10-02,fx_pb_1,55250000.0,32149049.38,23100950.62
